Intervention	Model	A1_id357	ARF_id177	Akt_id40	Angiogenesis_id555	Apoptosis_id316	BAD_id324	BAXBAK_id318	BIM_id323	BNIP3_id567	Bcl_2_id319	Bcl_W_id356	Bcl_xl_id320	Beta_Catenin_id227	CDK2_id644	CDK4_id60	COX2_id564	Caspase3_id317	Caspase9_id343	Dishevelled_id222	E2F_1_id199	EGF_id30	EP4_id610	EZH2_id535	Elk_1_id661	ErbB1_ErbB1_id295	ErbB1_id298	Erk_id36	Ets_2_id38	FoxO_id63	Frizzled_id218	GSK3_Axin_APC_CK1_id288	GSK3_id45	HIF1_id558	HypoxiaInitial_id602	Hypoxia_id390	LRP_id247	MOMP_id342	MadMax_id7	Mad_id5	Max_id4	Mcl1_id321	Mek_id35	MycMax_id6	Myc_id2	Noxa_id325	PEA3_id563	PGE2_id606	PHD2_id557	PI3K_id33	PTEN_id531	PUMA_id322	Proliferation_id47	Raf_1_id34	Ras_id32	Rsk_id53	TCF_id228	TGFBeta_id9	TGFR_id8	TRAP1_id20	Twist_id637	VEGF_id671	VHL_id556	Wnt1_id242	cFos_id662	mdm2_id176	p15_id22	p16_id61	p21_id19	p27_id62	p38_id617	p53_id175	pRb_id198
A1_id357	healthy	[0]	[0]	[1]	[1]	[1]	[1]	[3]	[0]	[0]	[1]	[1]	[1]	[1]	[0]	[1]	[1]	[1]	[1]	[1]	[1]	[1]	[1]	[0]	[1]	[1]	[1]	[1]	[1]	[0]	[1]	[1]	[1]	[0]	[0]	[0]	[1]	[3]	[0]	[0]	[2]	[2]	[1]	[0]	[0]	[0]	[1]	[1]	[2]	[1]	[0]	[0]	[1]	[1]	[1]	[1]	[1]	[0]	[0]	[0]	[1]	[1]	[1]	[1]	[1]	[2]	[0]	[1]	[0]	[0]	[1]	[0]	[5]
A1_id357	myc-low	[0]	[0]	[1]	[2]	[4]	[1]	[6]	[0]	[1]	[1]	[1]	[1]	[2]	[2]	[2]	[2]	[4]	[4]	[2]	[4]	[1]	[2]	[0]	[1]	[1]	[1]	[1]	[1]	[0]	[2]	[0]	[1]	[1]	[2]	[1]	[2]	[6]	[0]	[0]	[2]	[1]	[1]	[1]	[1]	[1]	[2]	[2]	[1]	[2]	[1]	[0]	[4]	[1]	[1]	[1]	[2]	[0]	[0]	[1]	[2]	[3]	[1]	[2]	[1]	[2]	[0]	[0]	[0]	[0]	[1]	[0]	[2]
A1_id357	mixed-myc-low	[0]	[0]	[1]	[1, 2]	[2, 3, 4]	[1]	[4, 5, 6]	[0]	[0, 1]	[1]	[1]	[1]	[2]	[2]	[2]	[2]	[2, 3, 4]	[2, 3, 4]	[2]	[4]	[1]	[2]	[0]	[1]	[1]	[1]	[1]	[1]	[0]	[2]	[0]	[1]	[0, 1]	[1]	[0, 1]	[2]	[4, 5, 6]	[0]	[0]	[2]	[1]	[1]	[1]	[1]	[1]	[2]	[2]	[1, 2]	[2]	[1]	[0]	[4]	[1]	[1]	[1]	[2]	[0]	[0]	[1]	[2]	[1, 2, 3]	[1]	[2]	[1]	[2]	[0]	[0]	[0]	[0]	[1]	[0]	[2]
A1_id357	mixed-myc-high	[0]	[1]	[0]	[1]	[4]	[1]	[4]	[0]	[0]	[1]	[1]	[1]	[2]	[3]	[2]	[2]	[4]	[4]	[2]	[5]	[1]	[2]	[2]	[1]	[1]	[1]	[1]	[1]	[1]	[2]	[0]	[1]	[0]	[1]	[1]	[2]	[4]	[0]	[0]	[2]	[1]	[1]	[2]	[2]	[2]	[2]	[2]	[1]	[2]	[2]	[1]	[5]	[1]	[1]	[1]	[2]	[0]	[0]	[2]	[2]	[1]	[1]	[2]	[1]	[1]	[0]	[0]	[0]	[0]	[1]	[1]	[1]
A1_id357	myc-high	[0]	[2]	[0]	[1]	[5]	[1]	[5]	[0]	[0]	[1]	[1]	[1]	[1]	[3]	[1]	[1]	[5]	[5]	[1]	[4]	[1]	[1]	[1]	[1]	[1]	[1]	[1]	[1]	[1]	[1]	[1]	[1]	[0]	[2]	[2]	[1]	[5]	[0]	[0]	[2]	[0]	[1]	[2]	[2]	[2]	[1]	[1]	[0]	[1]	[2]	[2]	[4]	[1]	[1]	[1]	[1]	[0]	[0]	[2]	[1]	[1]	[1]	[1]	[1]	[0]	[0]	[0]	[1]	[0]	[1]	[2]	[2]
ARF_id177	healthy	[2]	[0]	[1]	[1]	[0]	[1]	[2]	[0]	[0]	[1]	[1]	[1]	[1]	[0]	[1]	[1]	[0]	[0]	[1]	[1]	[1]	[1]	[0]	[1]	[1]	[1]	[1]	[1]	[0]	[1]	[1]	[1]	[0]	[0]	[0]	[1]	[2]	[0]	[0]	[2]	[2]	[1]	[0]	[0]	[0]	[1]	[1]	[2]	[1]	[0]	[0]	[1]	[1]	[1]	[1]	[1]	[0]	[0]	[0]	[1]	[1]	[1]	[1]	[1]	[2]	[0]	[1]	[0]	[0]	[1]	[0]	[5]
ARF_id177	myc-low	[1]	[0]	[1]	[2]	[4]	[1]	[6]	[0]	[1]	[1]	[1]	[1]	[2]	[2]	[2]	[2]	[4]	[4]	[2]	[4]	[1]	[2]	[0]	[1]	[1]	[1]	[1]	[1]	[0]	[2]	[0]	[1]	[1]	[2]	[1]	[2]	[6]	[0]	[0]	[2]	[1]	[1]	[1]	[1]	[1]	[2]	[2]	[1]	[2]	[1]	[0]	[4]	[1]	[1]	[1]	[2]	[0]	[0]	[1]	[2]	[3]	[1]	[2]	[1]	[2]	[0]	[0]	[0]	[0]	[1]	[0]	[2]
ARF_id177	mixed-myc-low	[1]	[0]	[1]	[1, 2]	[1, 2, 3, 4]	[1]	[3, 4, 5, 6]	[0]	[0, 1]	[1]	[1]	[1]	[2]	[2]	[2]	[2]	[1, 2, 3, 4]	[1, 2, 3, 4]	[2]	[4]	[1]	[2]	[0]	[1]	[1]	[1]	[1]	[1]	[0]	[2]	[0]	[1]	[0, 1]	[1]	[0, 1]	[2]	[3, 4, 5, 6]	[0]	[0]	[2]	[1]	[1]	[1]	[1]	[1]	[2]	[2]	[1, 2]	[2]	[1]	[0]	[4]	[1]	[1]	[1]	[2]	[0]	[0]	[1]	[2]	[1, 2, 3]	[1]	[2]	[1]	[2]	[0]	[0]	[0]	[0]	[1]	[0]	[2]
ARF_id177	mixed-myc-high	[1]	[0]	[1]	[1, 2]	[1, 2, 3, 4]	[1]	[3, 4, 5, 6]	[0]	[0, 1]	[1]	[1]	[1]	[2]	[3]	[2]	[2]	[1, 2, 3, 4]	[1, 2, 3, 4]	[2]	[5]	[1]	[2]	[1]	[1]	[1]	[1]	[1]	[1]	[0]	[2]	[0]	[1]	[0, 1]	[1]	[0, 1]	[2]	[3, 4, 5, 6]	[0]	[0]	[2]	[1]	[1]	[2]	[2]	[1]	[2]	[2]	[1, 2]	[2]	[1]	[0]	[5]	[1]	[1]	[1]	[2]	[0]	[0]	[2]	[2]	[1, 2, 3]	[1]	[2]	[1]	[2]	[0]	[0]	[0]	[0]	[1]	[0]	[1]
ARF_id177	myc-high	[1]	[0]	[0]	[1]	[6]	[1]	[6]	[0]	[1]	[1]	[1]	[1]	[1]	[3]	[2]	[1]	[6]	[6]	[1]	[5]	[1]	[1]	[2]	[1]	[1]	[1]	[1]	[1]	[1]	[1]	[1]	[1]	[1]	[2]	[2]	[1]	[6]	[0]	[0]	[2]	[1]	[1]	[2]	[2]	[1]	[1]	[1]	[0]	[1]	[1]	[0]	[5]	[1]	[1]	[1]	[1]	[0]	[0]	[2]	[1]	[2]	[1]	[1]	[1]	[2]	[0]	[0]	[0]	[0]	[1]	[0]	[1]
Akt_id40	healthy	[2]	[0]	[0]	[1]	[2]	[1]	[2]	[0]	[0]	[1]	[1]	[1]	[1]	[0]	[0]	[1]	[2]	[2]	[1]	[0]	[1]	[1]	[0]	[1]	[1]	[1]	[1]	[1]	[1]	[1]	[1]	[1]	[0]	[0]	[0]	[1]	[2]	[0]	[0]	[2]	[2]	[1]	[0]	[0]	[0]	[1]	[1]	[2]	[1]	[0]	[0]	[0]	[1]	[1]	[1]	[1]	[0]	[0]	[0]	[1]	[1]	[1]	[1]	[1]	[2]	[0]	[1]	[1]	[0]	[1]	[0]	[6]
Akt_id40	myc-low	[1, 2]	[0]	[0]	[1, 2]	[2, 3, 4, 5, 6]	[1]	[2, 3, 4, 5, 6]	[0, 1]	[0, 1]	[1]	[1]	[1]	[2]	[0, 1, 2]	[1, 2]	[2]	[2, 3, 4, 5, 6]	[2, 3, 4, 5, 6]	[2]	[1, 2, 3, 4]	[1]	[2]	[0, 1]	[1]	[1]	[1]	[1]	[1]	[1]	[2]	[0]	[1]	[0, 1]	[2]	[1, 2]	[2]	[2, 3, 4, 5, 6]	[0]	[0]	[2]	[1, 2]	[1]	[0, 1]	[0, 1]	[0, 1]	[2]	[2]	[0, 1]	[2]	[0, 1]	[0]	[1, 2, 3, 4]	[1]	[1]	[1]	[2]	[0]	[0]	[0, 1]	[2]	[1, 2, 3]	[1]	[2]	[1]	[2]	[0]	[0, 1]	[0, 1]	[0]	[1]	[0]	[2, 3, 4, 5]
Akt_id40	mixed-myc-low	[1, 2]	[0]	[0]	[1]	[2, 3]	[1]	[2, 3]	[0, 1]	[0]	[1]	[1]	[1]	[2]	[0, 1, 2]	[1, 2]	[2]	[2, 3]	[2, 3]	[2]	[1, 2, 3, 4]	[1]	[2]	[0, 1]	[1]	[1]	[1]	[1]	[1]	[1]	[2]	[0]	[1]	[0]	[1]	[1]	[2]	[2, 3]	[0]	[0]	[2]	[1, 2]	[1]	[0, 1]	[0, 1]	[0, 1]	[2]	[2]	[1]	[2]	[0, 1]	[0]	[1, 2, 3, 4]	[1]	[1]	[1]	[2]	[0]	[0]	[0, 1]	[2]	[1]	[1]	[2]	[1]	[2]	[0]	[0, 1]	[0, 1]	[0]	[1]	[0]	[2, 3, 4, 5]
Akt_id40	mixed-myc-high	[1]	[1]	[0]	[1]	[3]	[1]	[3]	[0]	[0]	[1]	[1]	[1]	[2]	[3]	[2]	[2]	[3]	[3]	[2]	[5]	[1]	[2]	[2]	[1]	[1]	[1]	[1]	[1]	[1]	[2]	[0]	[1]	[0]	[1]	[1]	[2]	[3]	[0]	[0]	[2]	[1]	[1]	[2]	[2]	[2]	[2]	[2]	[1]	[2]	[2]	[1]	[5]	[1]	[1]	[1]	[2]	[0]	[0]	[2]	[2]	[1]	[1]	[2]	[1]	[1]	[0]	[0]	[0]	[0]	[1]	[1]	[1]
Akt_id40	myc-high	[0]	[2]	[0]	[1]	[5]	[1]	[5]	[0]	[0]	[1]	[1]	[1]	[1]	[3]	[1]	[1]	[5]	[5]	[1]	[4]	[1]	[1]	[1]	[1]	[1]	[1]	[1]	[1]	[1]	[1]	[1]	[1]	[0]	[2]	[2]	[1]	[5]	[0]	[0]	[2]	[0]	[1]	[2]	[2]	[2]	[1]	[1]	[0]	[1]	[2]	[2]	[4]	[1]	[1]	[1]	[1]	[0]	[0]	[2]	[1]	[1]	[1]	[1]	[1]	[0]	[0]	[0]	[1]	[0]	[1]	[2]	[2]
BAD_id324	healthy	[2]	[0]	[1]	[1]	[0]	[0]	[0]	[0]	[0]	[2]	[2]	[2]	[1]	[0]	[1]	[1]	[0]	[0]	[1]	[1]	[1]	[1]	[0]	[1]	[1]	[1]	[1]	[1]	[0]	[1]	[1]	[1]	[0]	[0]	[0]	[1]	[0]	[0]	[0]	[2]	[2]	[1]	[0]	[0]	[0]	[1]	[1]	[2]	[1]	[0]	[0]	[1]	[1]	[1]	[1]	[1]	[0]	[0]	[0]	[1]	[1]	[1]	[1]	[1]	[2]	[0]	[1]	[0]	[0]	[1]	[0]	[5]
BAD_id324	myc-low	[1]	[0]	[1]	[2]	[3]	[0]	[5]	[0]	[1]	[2]	[2]	[2]	[2]	[2]	[2]	[2]	[3]	[3]	[2]	[4]	[1]	[2]	[0]	[1]	[1]	[1]	[1]	[1]	[0]	[2]	[0]	[1]	[1]	[2]	[1]	[2]	[5]	[0]	[0]	[2]	[1]	[1]	[1]	[1]	[1]	[2]	[2]	[1]	[2]	[1]	[0]	[4]	[1]	[1]	[1]	[2]	[0]	[0]	[1]	[2]	[3]	[1]	[2]	[1]	[2]	[0]	[0]	[0]	[0]	[1]	[0]	[2]
BAD_id324	mixed-myc-low	[1]	[0]	[1]	[1, 2]	[0, 1, 2, 3]	[0]	[2, 3, 4, 5]	[0]	[0, 1]	[2]	[2]	[2]	[2]	[2]	[2]	[2]	[0, 1, 2, 3]	[0, 1, 2, 3]	[2]	[4]	[1]	[2]	[0]	[1]	[1]	[1]	[1]	[1]	[0]	[2]	[0]	[1]	[0, 1]	[1]	[0, 1]	[2]	[2, 3, 4, 5]	[0]	[0]	[2]	[1]	[1]	[1]	[1]	[1]	[2]	[2]	[1, 2]	[2]	[1]	[0]	[4]	[1]	[1]	[1]	[2]	[0]	[0]	[1]	[2]	[1, 2, 3]	[1]	[2]	[1]	[2]	[0]	[0]	[0]	[0]	[1]	[0]	[2]
BAD_id324	mixed-myc-high	[1]	[1]	[0]	[1]	[3]	[0]	[3]	[0]	[0]	[1]	[1]	[1]	[2]	[3]	[2]	[2]	[3]	[3]	[2]	[5]	[1]	[2]	[2]	[1]	[1]	[1]	[1]	[1]	[1]	[2]	[0]	[1]	[0]	[1]	[1]	[2]	[3]	[0]	[0]	[2]	[1]	[1]	[2]	[2]	[2]	[2]	[2]	[1]	[2]	[2]	[1]	[5]	[1]	[1]	[1]	[2]	[0]	[0]	[2]	[2]	[1]	[1]	[2]	[1]	[1]	[0]	[0]	[0]	[0]	[1]	[1]	[1]
BAD_id324	myc-high	[0]	[2]	[0]	[1]	[5]	[0]	[5]	[0]	[0]	[1]	[1]	[1]	[1]	[3]	[1]	[1]	[5]	[5]	[1]	[4]	[1]	[1]	[1]	[1]	[1]	[1]	[1]	[1]	[1]	[1]	[1]	[1]	[0]	[2]	[2]	[1]	[5]	[0]	[0]	[2]	[0]	[1]	[2]	[2]	[2]	[1]	[1]	[0]	[1]	[2]	[2]	[4]	[1]	[1]	[1]	[1]	[0]	[0]	[2]	[1]	[1]	[1]	[1]	[1]	[0]	[0]	[0]	[1]	[0]	[1]	[2]	[2]
BAXBAK_id318	healthy	[2]	[0]	[1]	[1]	[0]	[1]	[0]	[0]	[0]	[1]	[1]	[1]	[1]	[0]	[1]	[1]	[0]	[0]	[1]	[1]	[1]	[1]	[0]	[1]	[1]	[1]	[1]	[1]	[0]	[1]	[1]	[1]	[0]	[0]	[0]	[1]	[0]	[0]	[0]	[2]	[2]	[1]	[0]	[0]	[0]	[1]	[1]	[2]	[1]	[0]	[0]	[1]	[1]	[1]	[1]	[1]	[0]	[0]	[0]	[1]	[1]	[1]	[1]	[1]	[2]	[0]	[1]	[0]	[0]	[1]	[0]	[5]
BAXBAK_id318	myc-low	[1]	[0]	[1]	[2]	[0]	[1]	[0]	[0]	[1]	[1]	[1]	[1]	[2]	[2]	[2]	[2]	[0]	[0]	[2]	[4]	[1]	[2]	[0]	[1]	[1]	[1]	[1]	[1]	[0]	[2]	[0]	[1]	[1]	[2]	[1]	[2]	[0]	[0]	[0]	[2]	[1]	[1]	[1]	[1]	[1]	[2]	[2]	[1]	[2]	[1]	[0]	[4]	[1]	[1]	[1]	[2]	[0]	[0]	[1]	[2]	[3]	[1]	[2]	[1]	[2]	[0]	[0]	[0]	[0]	[1]	[0]	[2]
BAXBAK_id318	mixed-myc-low	[1]	[0]	[1]	[1, 2]	[0]	[1]	[0]	[0]	[0, 1]	[1]	[1]	[1]	[2]	[2]	[2]	[2]	[0]	[0]	[2]	[4]	[1]	[2]	[0]	[1]	[1]	[1]	[1]	[1]	[0]	[2]	[0]	[1]	[0, 1]	[1]	[0, 1]	[2]	[0]	[0]	[0]	[2]	[1]	[1]	[1]	[1]	[1]	[2]	[2]	[1, 2]	[2]	[1]	[0]	[4]	[1]	[1]	[1]	[2]	[0]	[0]	[1]	[2]	[1, 2, 3]	[1]	[2]	[1]	[2]	[0]	[0]	[0]	[0]	[1]	[0]	[2]
BAXBAK_id318	mixed-myc-high	[1]	[1]	[0]	[1]	[0]	[1]	[0]	[0]	[0]	[1]	[1]	[1]	[2]	[3]	[2]	[2]	[0]	[0]	[2]	[5]	[1]	[2]	[2]	[1]	[1]	[1]	[1]	[1]	[1]	[2]	[0]	[1]	[0]	[1]	[1]	[2]	[0]	[0]	[0]	[2]	[1]	[1]	[2]	[2]	[2]	[2]	[2]	[1]	[2]	[2]	[1]	[5]	[1]	[1]	[1]	[2]	[0]	[0]	[2]	[2]	[1]	[1]	[2]	[1]	[1]	[0]	[0]	[0]	[0]	[1]	[1]	[1]
BAXBAK_id318	myc-high	[0]	[2]	[0]	[1]	[0]	[1]	[0]	[0]	[0]	[1]	[1]	[1]	[1]	[3]	[1]	[1]	[0]	[0]	[1]	[4]	[1]	[1]	[1]	[1]	[1]	[1]	[1]	[1]	[1]	[1]	[1]	[1]	[0]	[2]	[2]	[1]	[0]	[0]	[0]	[2]	[0]	[1]	[2]	[2]	[2]	[1]	[1]	[0]	[1]	[2]	[2]	[4]	[1]	[1]	[1]	[1]	[0]	[0]	[2]	[1]	[1]	[1]	[1]	[1]	[0]	[0]	[0]	[1]	[0]	[1]	[2]	[2]
BIM_id323	healthy	[2]	[0]	[1]	[1]	[0]	[1]	[2]	[0]	[0]	[1]	[1]	[1]	[1]	[0]	[1]	[1]	[0]	[0]	[1]	[1]	[1]	[1]	[0]	[1]	[1]	[1]	[1]	[1]	[0]	[1]	[1]	[1]	[0]	[0]	[0]	[1]	[2]	[0]	[0]	[2]	[2]	[1]	[0]	[0]	[0]	[1]	[1]	[2]	[1]	[0]	[0]	[1]	[1]	[1]	[1]	[1]	[0]	[0]	[0]	[1]	[1]	[1]	[1]	[1]	[2]	[0]	[1]	[0]	[0]	[1]	[0]	[5]
BIM_id323	myc-low	[1]	[0]	[1]	[2]	[4]	[1]	[6]	[0]	[1]	[1]	[1]	[1]	[2]	[2]	[2]	[2]	[4]	[4]	[2]	[4]	[1]	[2]	[0]	[1]	[1]	[1]	[1]	[1]	[0]	[2]	[0]	[1]	[1]	[2]	[1]	[2]	[6]	[0]	[0]	[2]	[1]	[1]	[1]	[1]	[1]	[2]	[2]	[1]	[2]	[1]	[0]	[4]	[1]	[1]	[1]	[2]	[0]	[0]	[1]	[2]	[3]	[1]	[2]	[1]	[2]	[0]	[0]	[0]	[0]	[1]	[0]	[2]
BIM_id323	mixed-myc-low	[1]	[0]	[1]	[1, 2]	[1, 2, 3, 4]	[1]	[3, 4, 5, 6]	[0]	[0, 1]	[1]	[1]	[1]	[2]	[2]	[2]	[2]	[1, 2, 3, 4]	[1, 2, 3, 4]	[2]	[4]	[1]	[2]	[0]	[1]	[1]	[1]	[1]	[1]	[0]	[2]	[0]	[1]	[0, 1]	[1]	[0, 1]	[2]	[3, 4, 5, 6]	[0]	[0]	[2]	[1]	[1]	[1]	[1]	[1]	[2]	[2]	[1, 2]	[2]	[1]	[0]	[4]	[1]	[1]	[1]	[2]	[0]	[0]	[1]	[2]	[1, 2, 3]	[1]	[2]	[1]	[2]	[0]	[0]	[0]	[0]	[1]	[0]	[2]
BIM_id323	mixed-myc-high	[1]	[1]	[0]	[1]	[3]	[1]	[3]	[0]	[0]	[1]	[1]	[1]	[2]	[3]	[2]	[2]	[3]	[3]	[2]	[5]	[1]	[2]	[2]	[1]	[1]	[1]	[1]	[1]	[1]	[2]	[0]	[1]	[0]	[1]	[1]	[2]	[3]	[0]	[0]	[2]	[1]	[1]	[2]	[2]	[2]	[2]	[2]	[1]	[2]	[2]	[1]	[5]	[1]	[1]	[1]	[2]	[0]	[0]	[2]	[2]	[1]	[1]	[2]	[1]	[1]	[0]	[0]	[0]	[0]	[1]	[1]	[1]
BIM_id323	myc-high	[0]	[2]	[0]	[1]	[5]	[1]	[5]	[0]	[0]	[1]	[1]	[1]	[1]	[3]	[1]	[1]	[5]	[5]	[1]	[4]	[1]	[1]	[1]	[1]	[1]	[1]	[1]	[1]	[1]	[1]	[1]	[1]	[0]	[2]	[2]	[1]	[5]	[0]	[0]	[2]	[0]	[1]	[2]	[2]	[2]	[1]	[1]	[0]	[1]	[2]	[2]	[4]	[1]	[1]	[1]	[1]	[0]	[0]	[2]	[1]	[1]	[1]	[1]	[1]	[0]	[0]	[0]	[1]	[0]	[1]	[2]	[2]
Bcl_2_id319	healthy	[2]	[0]	[1]	[1]	[1]	[1]	[3]	[0]	[0]	[0]	[1]	[1]	[1]	[0]	[1]	[1]	[1]	[1]	[1]	[1]	[1]	[1]	[0]	[1]	[1]	[1]	[1]	[1]	[0]	[1]	[1]	[1]	[0]	[0]	[0]	[1]	[3]	[0]	[0]	[2]	[2]	[1]	[0]	[0]	[0]	[1]	[1]	[2]	[1]	[0]	[0]	[1]	[1]	[1]	[1]	[1]	[0]	[0]	[0]	[1]	[1]	[1]	[1]	[1]	[2]	[0]	[1]	[0]	[0]	[1]	[0]	[5]
Bcl_2_id319	myc-low	[1]	[0]	[1]	[2]	[4]	[1]	[6]	[0]	[1]	[0]	[1]	[1]	[2]	[2]	[2]	[2]	[4]	[4]	[2]	[4]	[1]	[2]	[0]	[1]	[1]	[1]	[1]	[1]	[0]	[2]	[0]	[1]	[1]	[2]	[1]	[2]	[6]	[0]	[0]	[2]	[1]	[1]	[1]	[1]	[1]	[2]	[2]	[1]	[2]	[1]	[0]	[4]	[1]	[1]	[1]	[2]	[0]	[0]	[1]	[2]	[3]	[1]	[2]	[1]	[2]	[0]	[0]	[0]	[0]	[1]	[0]	[2]
Bcl_2_id319	mixed-myc-low	[1]	[0]	[1]	[1, 2]	[2, 3, 4]	[1]	[4, 5, 6]	[0]	[0, 1]	[0]	[1]	[1]	[2]	[2]	[2]	[2]	[2, 3, 4]	[2, 3, 4]	[2]	[4]	[1]	[2]	[0]	[1]	[1]	[1]	[1]	[1]	[0]	[2]	[0]	[1]	[0, 1]	[1]	[0, 1]	[2]	[4, 5, 6]	[0]	[0]	[2]	[1]	[1]	[1]	[1]	[1]	[2]	[2]	[1, 2]	[2]	[1]	[0]	[4]	[1]	[1]	[1]	[2]	[0]	[0]	[1]	[2]	[1, 2, 3]	[1]	[2]	[1]	[2]	[0]	[0]	[0]	[0]	[1]	[0]	[2]
Bcl_2_id319	mixed-myc-high	[1]	[1]	[0]	[1]	[4]	[1]	[4]	[0]	[0]	[0]	[1]	[1]	[2]	[3]	[2]	[2]	[4]	[4]	[2]	[5]	[1]	[2]	[2]	[1]	[1]	[1]	[1]	[1]	[1]	[2]	[0]	[1]	[0]	[1]	[1]	[2]	[4]	[0]	[0]	[2]	[1]	[1]	[2]	[2]	[2]	[2]	[2]	[1]	[2]	[2]	[1]	[5]	[1]	[1]	[1]	[2]	[0]	[0]	[2]	[2]	[1]	[1]	[2]	[1]	[1]	[0]	[0]	[0]	[0]	[1]	[1]	[1]
Bcl_2_id319	myc-high	[0]	[2]	[0]	[1]	[5]	[1]	[5]	[0]	[0]	[0]	[1]	[1]	[1]	[3]	[1]	[1]	[5]	[5]	[1]	[4]	[1]	[1]	[1]	[1]	[1]	[1]	[1]	[1]	[1]	[1]	[1]	[1]	[0]	[2]	[2]	[1]	[5]	[0]	[0]	[2]	[0]	[1]	[2]	[2]	[2]	[1]	[1]	[0]	[1]	[2]	[2]	[4]	[1]	[1]	[1]	[1]	[0]	[0]	[2]	[1]	[1]	[1]	[1]	[1]	[0]	[0]	[0]	[1]	[0]	[1]	[2]	[2]
Bcl_W_id356	healthy	[2]	[0]	[1]	[1]	[1]	[1]	[3]	[0]	[0]	[1]	[0]	[1]	[1]	[0]	[1]	[1]	[1]	[1]	[1]	[1]	[1]	[1]	[0]	[1]	[1]	[1]	[1]	[1]	[0]	[1]	[1]	[1]	[0]	[0]	[0]	[1]	[3]	[0]	[0]	[2]	[2]	[1]	[0]	[0]	[0]	[1]	[1]	[2]	[1]	[0]	[0]	[1]	[1]	[1]	[1]	[1]	[0]	[0]	[0]	[1]	[1]	[1]	[1]	[1]	[2]	[0]	[1]	[0]	[0]	[1]	[0]	[5]
Bcl_W_id356	myc-low	[1]	[0]	[1]	[2]	[4]	[1]	[6]	[0]	[1]	[1]	[0]	[1]	[2]	[2]	[2]	[2]	[4]	[4]	[2]	[4]	[1]	[2]	[0]	[1]	[1]	[1]	[1]	[1]	[0]	[2]	[0]	[1]	[1]	[2]	[1]	[2]	[6]	[0]	[0]	[2]	[1]	[1]	[1]	[1]	[1]	[2]	[2]	[1]	[2]	[1]	[0]	[4]	[1]	[1]	[1]	[2]	[0]	[0]	[1]	[2]	[3]	[1]	[2]	[1]	[2]	[0]	[0]	[0]	[0]	[1]	[0]	[2]
Bcl_W_id356	mixed-myc-low	[1]	[0]	[1]	[1, 2]	[2, 3, 4]	[1]	[4, 5, 6]	[0]	[0, 1]	[1]	[0]	[1]	[2]	[2]	[2]	[2]	[2, 3, 4]	[2, 3, 4]	[2]	[4]	[1]	[2]	[0]	[1]	[1]	[1]	[1]	[1]	[0]	[2]	[0]	[1]	[0, 1]	[1]	[0, 1]	[2]	[4, 5, 6]	[0]	[0]	[2]	[1]	[1]	[1]	[1]	[1]	[2]	[2]	[1, 2]	[2]	[1]	[0]	[4]	[1]	[1]	[1]	[2]	[0]	[0]	[1]	[2]	[1, 2, 3]	[1]	[2]	[1]	[2]	[0]	[0]	[0]	[0]	[1]	[0]	[2]
Bcl_W_id356	mixed-myc-high	[1]	[1]	[0]	[1]	[4]	[1]	[4]	[0]	[0]	[1]	[0]	[1]	[2]	[3]	[2]	[2]	[4]	[4]	[2]	[5]	[1]	[2]	[2]	[1]	[1]	[1]	[1]	[1]	[1]	[2]	[0]	[1]	[0]	[1]	[1]	[2]	[4]	[0]	[0]	[2]	[1]	[1]	[2]	[2]	[2]	[2]	[2]	[1]	[2]	[2]	[1]	[5]	[1]	[1]	[1]	[2]	[0]	[0]	[2]	[2]	[1]	[1]	[2]	[1]	[1]	[0]	[0]	[0]	[0]	[1]	[1]	[1]
Bcl_W_id356	myc-high	[0]	[2]	[0]	[1]	[5]	[1]	[5]	[0]	[0]	[1]	[0]	[1]	[1]	[3]	[1]	[1]	[5]	[5]	[1]	[4]	[1]	[1]	[1]	[1]	[1]	[1]	[1]	[1]	[1]	[1]	[1]	[1]	[0]	[2]	[2]	[1]	[5]	[0]	[0]	[2]	[0]	[1]	[2]	[2]	[2]	[1]	[1]	[0]	[1]	[2]	[2]	[4]	[1]	[1]	[1]	[1]	[0]	[0]	[2]	[1]	[1]	[1]	[1]	[1]	[0]	[0]	[0]	[1]	[0]	[1]	[2]	[2]
Bcl_xl_id320	healthy	[2]	[0]	[1]	[1]	[1]	[1]	[3]	[0]	[0]	[1]	[1]	[0]	[1]	[0]	[1]	[1]	[1]	[1]	[1]	[1]	[1]	[1]	[0]	[1]	[1]	[1]	[1]	[1]	[0]	[1]	[1]	[1]	[0]	[0]	[0]	[1]	[3]	[0]	[0]	[2]	[2]	[1]	[0]	[0]	[0]	[1]	[1]	[2]	[1]	[0]	[0]	[1]	[1]	[1]	[1]	[1]	[0]	[0]	[0]	[1]	[1]	[1]	[1]	[1]	[2]	[0]	[1]	[0]	[0]	[1]	[0]	[5]
Bcl_xl_id320	myc-low	[1]	[0]	[1]	[2]	[4]	[1]	[6]	[0]	[1]	[1]	[1]	[0]	[2]	[2]	[2]	[2]	[4]	[4]	[2]	[4]	[1]	[2]	[0]	[1]	[1]	[1]	[1]	[1]	[0]	[2]	[0]	[1]	[1]	[2]	[1]	[2]	[6]	[0]	[0]	[2]	[1]	[1]	[1]	[1]	[1]	[2]	[2]	[1]	[2]	[1]	[0]	[4]	[1]	[1]	[1]	[2]	[0]	[0]	[1]	[2]	[3]	[1]	[2]	[1]	[2]	[0]	[0]	[0]	[0]	[1]	[0]	[2]
Bcl_xl_id320	mixed-myc-low	[1]	[0]	[1]	[1, 2]	[2, 3, 4]	[1]	[4, 5, 6]	[0]	[0, 1]	[1]	[1]	[0]	[2]	[2]	[2]	[2]	[2, 3, 4]	[2, 3, 4]	[2]	[4]	[1]	[2]	[0]	[1]	[1]	[1]	[1]	[1]	[0]	[2]	[0]	[1]	[0, 1]	[1]	[0, 1]	[2]	[4, 5, 6]	[0]	[0]	[2]	[1]	[1]	[1]	[1]	[1]	[2]	[2]	[1, 2]	[2]	[1]	[0]	[4]	[1]	[1]	[1]	[2]	[0]	[0]	[1]	[2]	[1, 2, 3]	[1]	[2]	[1]	[2]	[0]	[0]	[0]	[0]	[1]	[0]	[2]
Bcl_xl_id320	mixed-myc-high	[1]	[1]	[0]	[1]	[4]	[1]	[4]	[0]	[0]	[1]	[1]	[0]	[2]	[3]	[2]	[2]	[4]	[4]	[2]	[5]	[1]	[2]	[2]	[1]	[1]	[1]	[1]	[1]	[1]	[2]	[0]	[1]	[0]	[1]	[1]	[2]	[4]	[0]	[0]	[2]	[1]	[1]	[2]	[2]	[2]	[2]	[2]	[1]	[2]	[2]	[1]	[5]	[1]	[1]	[1]	[2]	[0]	[0]	[2]	[2]	[1]	[1]	[2]	[1]	[1]	[0]	[0]	[0]	[0]	[1]	[1]	[1]
Bcl_xl_id320	myc-high	[0]	[2]	[0]	[1]	[5]	[1]	[5]	[0]	[0]	[1]	[1]	[0]	[1]	[3]	[1]	[1]	[5]	[5]	[1]	[4]	[1]	[1]	[1]	[1]	[1]	[1]	[1]	[1]	[1]	[1]	[1]	[1]	[0]	[2]	[2]	[1]	[5]	[0]	[0]	[2]	[0]	[1]	[2]	[2]	[2]	[1]	[1]	[0]	[1]	[2]	[2]	[4]	[1]	[1]	[1]	[1]	[0]	[0]	[2]	[1]	[1]	[1]	[1]	[1]	[0]	[0]	[0]	[1]	[0]	[1]	[2]	[2]
Beta_Catenin_id227	healthy	[2]	[0]	[1]	[0]	[0]	[1]	[2]	[0]	[0]	[1]	[1]	[1]	[0]	[0]	[0]	[0]	[0]	[0]	[1]	[0]	[1]	[0]	[0]	[1]	[1]	[1]	[1]	[1]	[0]	[1]	[1]	[1]	[0]	[0]	[0]	[1]	[2]	[0]	[0]	[2]	[2]	[1]	[0]	[0]	[0]	[0]	[0]	[2]	[1]	[0]	[0]	[0]	[1]	[1]	[1]	[0]	[0]	[0]	[0]	[0]	[0]	[1]	[1]	[1]	[2]	[0]	[1]	[0]	[0]	[1]	[0]	[6]
Beta_Catenin_id227	myc-low	[1, 2]	[0]	[0, 1]	[0, 1, 2]	[0, 1, 2, 3, 4, 5, 6]	[1]	[2, 3, 4, 5, 6]	[0]	[0, 1, 2]	[1]	[1]	[1]	[0]	[0]	[0]	[0]	[0, 1, 2, 3, 4, 5, 6]	[0, 1, 2, 3, 4, 5, 6]	[2]	[0]	[1]	[0]	[0]	[1]	[1]	[1]	[1]	[1]	[1, 2]	[2]	[0]	[1]	[0, 1, 2]	[2]	[1, 2]	[2]	[2, 3, 4, 5, 6]	[0]	[0]	[2]	[1, 2]	[1]	[0]	[0]	[0, 1]	[0]	[0]	[0, 1]	[1]	[0, 1]	[0, 1]	[0]	[1]	[1]	[1]	[0]	[0]	[0]	[0]	[0]	[0, 1, 2, 3]	[1]	[2]	[1]	[1, 2]	[0]	[1]	[0, 1, 2]	[1, 2]	[1]	[0, 1]	[6]
Beta_Catenin_id227	mixed-myc-low	[2]	[0]	[1]	[1]	[3]	[1]	[5]	[0]	[1]	[1]	[1]	[1]	[0]	[0]	[0]	[0]	[3]	[3]	[2]	[0]	[1]	[0]	[0]	[1]	[1]	[1]	[1]	[1]	[1]	[2]	[0]	[1]	[1]	[1]	[1]	[2]	[5]	[0]	[0]	[2]	[2]	[1]	[0]	[0]	[0]	[0]	[0]	[1]	[1]	[0]	[0]	[0]	[1]	[1]	[1]	[0]	[0]	[0]	[0]	[0]	[2]	[1]	[2]	[1]	[2]	[0]	[1]	[0]	[1]	[1]	[0]	[6]
Beta_Catenin_id227	mixed-myc-high	[0]	[2]	[0]	[0]	[5]	[1]	[5]	[0]	[0]	[1]	[1]	[1]	[0]	[3]	[1]	[0]	[5]	[5]	[2]	[4]	[1]	[0]	[1]	[1]	[1]	[1]	[1]	[1]	[1]	[2]	[0]	[1]	[0]	[1]	[1]	[2]	[5]	[0]	[0]	[2]	[0]	[1]	[2]	[2]	[2]	[0]	[0]	[1]	[1]	[2]	[2]	[4]	[1]	[1]	[1]	[0]	[0]	[0]	[2]	[0]	[0]	[1]	[2]	[1]	[0]	[0]	[0]	[1]	[0]	[1]	[2]	[2]
Beta_Catenin_id227	myc-high	[0]	[2]	[0]	[0]	[5]	[1]	[5]	[0]	[0]	[1]	[1]	[1]	[0]	[3]	[1]	[0]	[5]	[5]	[1]	[4]	[1]	[0]	[1]	[1]	[1]	[1]	[1]	[1]	[1]	[1]	[1]	[1]	[0]	[2]	[2]	[1]	[5]	[0]	[0]	[2]	[0]	[1]	[2]	[2]	[2]	[0]	[0]	[0]	[1]	[2]	[2]	[4]	[1]	[1]	[1]	[0]	[0]	[0]	[2]	[0]	[0]	[1]	[1]	[1]	[0]	[0]	[0]	[1]	[0]	[1]	[2]	[2]
CDK2_id644	healthy	[2]	[0]	[1]	[1]	[0]	[1]	[2]	[0]	[0]	[1]	[1]	[1]	[1]	[0]	[1]	[1]	[0]	[0]	[1]	[1]	[1]	[1]	[0]	[1]	[1]	[1]	[1]	[1]	[0]	[1]	[1]	[1]	[0]	[0]	[0]	[1]	[2]	[0]	[0]	[2]	[2]	[1]	[0]	[0]	[0]	[1]	[1]	[2]	[1]	[0]	[0]	[1]	[1]	[1]	[1]	[1]	[0]	[0]	[0]	[1]	[1]	[1]	[1]	[1]	[2]	[0]	[1]	[0]	[0]	[1]	[0]	[5]
CDK2_id644	myc-low	[1]	[0]	[1]	[2]	[4]	[1]	[6]	[0]	[1]	[1]	[1]	[1]	[2]	[0]	[2]	[2]	[4]	[4]	[2]	[2]	[1]	[2]	[0]	[1]	[1]	[1]	[1]	[1]	[0]	[2]	[0]	[1]	[1]	[2]	[1]	[2]	[6]	[0]	[0]	[2]	[1]	[1]	[1]	[1]	[1]	[2]	[2]	[1]	[2]	[1]	[0]	[2]	[1]	[1]	[1]	[2]	[0]	[0]	[1]	[2]	[3]	[1]	[2]	[1]	[2]	[0]	[0]	[0]	[0]	[1]	[0]	[4]
CDK2_id644	mixed-myc-low	[1]	[0]	[1]	[1, 2]	[1, 2, 3, 4]	[1]	[3, 4, 5, 6]	[0]	[0, 1]	[1]	[1]	[1]	[2]	[0]	[2]	[2]	[1, 2, 3, 4]	[1, 2, 3, 4]	[2]	[2]	[1]	[2]	[0]	[1]	[1]	[1]	[1]	[1]	[0]	[2]	[0]	[1]	[0, 1]	[1]	[0, 1]	[2]	[3, 4, 5, 6]	[0]	[0]	[2]	[1]	[1]	[1]	[1]	[1]	[2]	[2]	[1, 2]	[2]	[1]	[0]	[2]	[1]	[1]	[1]	[2]	[0]	[0]	[1]	[2]	[1, 2, 3]	[1]	[2]	[1]	[2]	[0]	[0]	[0]	[0]	[1]	[0]	[4]
CDK2_id644	mixed-myc-high	[1]	[1]	[0]	[1]	[3]	[1]	[3]	[0]	[0]	[1]	[1]	[1]	[2]	[0]	[2]	[2]	[3]	[3]	[2]	[2]	[1]	[2]	[1]	[1]	[1]	[1]	[1]	[1]	[1]	[2]	[0]	[1]	[0]	[1]	[1]	[2]	[3]	[0]	[0]	[2]	[1]	[1]	[2]	[2]	[2]	[2]	[2]	[1]	[2]	[2]	[1]	[2]	[1]	[1]	[1]	[2]	[0]	[0]	[2]	[2]	[1]	[1]	[2]	[1]	[1]	[0]	[0]	[0]	[0]	[1]	[1]	[4]
CDK2_id644	myc-high	[0]	[2]	[0]	[1]	[6]	[1]	[6]	[1]	[0]	[0]	[0]	[0]	[1]	[0]	[1]	[1]	[6]	[6]	[1]	[1]	[1]	[1]	[0]	[1]	[1]	[1]	[1]	[1]	[1]	[1]	[1]	[1]	[0]	[2]	[2]	[1]	[6]	[0]	[0]	[2]	[0]	[1]	[2]	[2]	[2]	[1]	[1]	[0]	[1]	[2]	[2]	[1]	[1]	[1]	[1]	[1]	[0]	[0]	[2]	[1]	[1]	[1]	[1]	[1]	[0]	[0]	[0]	[1]	[0]	[1]	[2]	[5]
CDK4_id60	healthy	[2]	[0]	[1]	[1]	[0]	[1]	[2]	[0]	[0]	[1]	[1]	[1]	[1]	[0]	[0]	[1]	[0]	[0]	[1]	[0]	[1]	[1]	[0]	[1]	[1]	[1]	[1]	[1]	[0]	[1]	[1]	[1]	[0]	[0]	[0]	[1]	[2]	[0]	[0]	[2]	[2]	[1]	[0]	[0]	[0]	[1]	[1]	[2]	[1]	[0]	[0]	[0]	[1]	[1]	[1]	[1]	[0]	[0]	[0]	[1]	[1]	[1]	[1]	[1]	[2]	[0]	[1]	[0]	[0]	[1]	[0]	[6]
CDK4_id60	myc-low	[1]	[0]	[1]	[2]	[4]	[1]	[6]	[0]	[1]	[1]	[1]	[1]	[2]	[2]	[0]	[2]	[4]	[4]	[2]	[2]	[1]	[2]	[0]	[1]	[1]	[1]	[1]	[1]	[0]	[2]	[0]	[1]	[1]	[2]	[1]	[2]	[6]	[0]	[0]	[2]	[1]	[1]	[1]	[1]	[1]	[2]	[2]	[1]	[2]	[1]	[0]	[2]	[1]	[1]	[1]	[2]	[0]	[0]	[1]	[2]	[3]	[1]	[2]	[1]	[2]	[0]	[0]	[0]	[0]	[1]	[0]	[4]
CDK4_id60	mixed-myc-low	[1]	[0]	[1]	[1, 2]	[1, 2, 3, 4]	[1]	[3, 4, 5, 6]	[0]	[0, 1]	[1]	[1]	[1]	[2]	[2]	[0]	[2]	[1, 2, 3, 4]	[1, 2, 3, 4]	[2]	[2]	[1]	[2]	[0]	[1]	[1]	[1]	[1]	[1]	[0]	[2]	[0]	[1]	[0, 1]	[1]	[0, 1]	[2]	[3, 4, 5, 6]	[0]	[0]	[2]	[1]	[1]	[1]	[1]	[1]	[2]	[2]	[1, 2]	[2]	[1]	[0]	[2]	[1]	[1]	[1]	[2]	[0]	[0]	[1]	[2]	[1, 2, 3]	[1]	[2]	[1]	[2]	[0]	[0]	[0]	[0]	[1]	[0]	[4]
CDK4_id60	mixed-myc-high	[1]	[1]	[0]	[1]	[3]	[1]	[3]	[0]	[0]	[1]	[1]	[1]	[2]	[3]	[0]	[2]	[3]	[3]	[2]	[3]	[1]	[2]	[1]	[1]	[1]	[1]	[1]	[1]	[1]	[2]	[0]	[1]	[0]	[1]	[1]	[2]	[3]	[0]	[0]	[2]	[1]	[1]	[2]	[2]	[2]	[2]	[2]	[1]	[2]	[2]	[1]	[3]	[1]	[1]	[1]	[2]	[0]	[0]	[2]	[2]	[1]	[1]	[2]	[1]	[1]	[0]	[0]	[0]	[0]	[1]	[1]	[3]
CDK4_id60	myc-high	[0]	[2]	[0]	[1]	[5]	[1]	[5]	[0]	[0]	[1]	[1]	[1]	[1]	[3]	[0]	[1]	[5]	[5]	[1]	[3]	[1]	[1]	[1]	[1]	[1]	[1]	[1]	[1]	[1]	[1]	[1]	[1]	[0]	[2]	[2]	[1]	[5]	[0]	[0]	[2]	[0]	[1]	[2]	[2]	[2]	[1]	[1]	[0]	[1]	[2]	[2]	[3]	[1]	[1]	[1]	[1]	[0]	[0]	[2]	[1]	[1]	[1]	[1]	[1]	[0]	[0]	[0]	[1]	[0]	[1]	[2]	[3]
COX2_id564	healthy	[2]	[0]	[1]	[0]	[0]	[1]	[2]	[0]	[0]	[1]	[1]	[1]	[1]	[0]	[1]	[0]	[0]	[0]	[1]	[1]	[1]	[0]	[0]	[1]	[1]	[1]	[1]	[1]	[0]	[1]	[1]	[1]	[0]	[0]	[0]	[1]	[2]	[0]	[0]	[2]	[2]	[1]	[0]	[0]	[0]	[1]	[0]	[2]	[1]	[0]	[0]	[1]	[1]	[1]	[1]	[1]	[0]	[0]	[0]	[1]	[0]	[1]	[1]	[1]	[2]	[0]	[1]	[0]	[0]	[1]	[0]	[5]
COX2_id564	myc-low	[1, 2]	[0]	[0, 1]	[0, 1, 2]	[0, 1, 2, 3, 4, 5, 6]	[1]	[2, 3, 4, 5, 6]	[0, 1]	[0, 1, 2]	[1]	[1]	[1]	[2]	[0, 1, 2]	[0, 1, 2]	[0]	[0, 1, 2, 3, 4, 5, 6]	[0, 1, 2, 3, 4, 5, 6]	[2]	[0, 1, 2, 3, 4]	[1]	[0]	[0, 1]	[1]	[1]	[1]	[1]	[1]	[0, 1, 2]	[2]	[0]	[1]	[0, 1, 2]	[2]	[1, 2]	[2]	[2, 3, 4, 5, 6]	[0]	[0]	[2]	[1, 2]	[1]	[0, 1]	[0, 1]	[0, 1]	[2]	[0]	[0, 1]	[1]	[0, 1]	[0, 1]	[0, 1, 2, 3, 4]	[1]	[1]	[1]	[2]	[0]	[0]	[0, 1]	[2]	[0, 1, 2, 3]	[1]	[2]	[1]	[1, 2]	[0]	[0, 1]	[0, 1, 2]	[0, 1]	[1]	[0, 1]	[2, 3, 4, 5, 6]
COX2_id564	mixed-myc-low	[1, 2]	[0]	[0, 1]	[0, 1]	[0, 1, 2, 3, 4, 5, 6]	[1]	[2, 3, 4, 5, 6]	[0, 1]	[0, 1]	[1]	[1]	[1]	[2]	[0, 1, 2]	[1, 2]	[0]	[0, 1, 2, 3, 4, 5, 6]	[0, 1, 2, 3, 4, 5, 6]	[2]	[1, 2, 3, 4]	[1]	[0]	[0, 1]	[1]	[1]	[1]	[1]	[1]	[0, 1]	[2]	[0]	[1]	[0, 1]	[1]	[1]	[2]	[2, 3, 4, 5, 6]	[0]	[0]	[2]	[1, 2]	[1]	[0, 1]	[0, 1]	[0, 1]	[2]	[0]	[1]	[1]	[0, 1]	[0]	[1, 2, 3, 4]	[1]	[1]	[1]	[2]	[0]	[0]	[0, 1]	[2]	[0, 1, 2]	[1]	[2]	[1]	[2]	[0]	[0, 1]	[0, 1]	[0]	[1]	[0]	[2, 3, 4, 5]
COX2_id564	mixed-myc-high	[1]	[1]	[0]	[0]	[3]	[1]	[3]	[0]	[0]	[1]	[1]	[1]	[2]	[3]	[2]	[0]	[3]	[3]	[2]	[5]	[1]	[0]	[2]	[1]	[1]	[1]	[1]	[1]	[1]	[2]	[0]	[1]	[0]	[1]	[1]	[2]	[3]	[0]	[0]	[2]	[1]	[1]	[2]	[2]	[2]	[2]	[0]	[1]	[1]	[2]	[1]	[5]	[1]	[1]	[1]	[2]	[0]	[0]	[2]	[2]	[0]	[1]	[2]	[1]	[1]	[0]	[0]	[0]	[0]	[1]	[1]	[1]
COX2_id564	myc-high	[0]	[2]	[0]	[0]	[5]	[1]	[5]	[0]	[0]	[1]	[1]	[1]	[1]	[3]	[1]	[0]	[5]	[5]	[1]	[4]	[1]	[0]	[1]	[1]	[1]	[1]	[1]	[1]	[1]	[1]	[1]	[1]	[0]	[2]	[2]	[1]	[5]	[0]	[0]	[2]	[0]	[1]	[2]	[2]	[2]	[1]	[0]	[0]	[1]	[2]	[2]	[4]	[1]	[1]	[1]	[1]	[0]	[0]	[2]	[1]	[0]	[1]	[1]	[1]	[0]	[0]	[0]	[1]	[0]	[1]	[2]	[2]
Caspase3_id317	healthy	[2]	[0]	[1]	[1]	[0]	[1]	[2]	[0]	[0]	[1]	[1]	[1]	[1]	[0]	[1]	[1]	[0]	[0]	[1]	[1]	[1]	[1]	[0]	[1]	[1]	[1]	[1]	[1]	[0]	[1]	[1]	[1]	[0]	[0]	[0]	[1]	[2]	[0]	[0]	[2]	[2]	[1]	[0]	[0]	[0]	[1]	[1]	[2]	[1]	[0]	[0]	[1]	[1]	[1]	[1]	[1]	[0]	[0]	[0]	[1]	[1]	[1]	[1]	[1]	[2]	[0]	[1]	[0]	[0]	[1]	[0]	[5]
Caspase3_id317	myc-low	[1]	[0]	[1]	[2]	[0]	[1]	[6]	[0]	[1]	[1]	[1]	[1]	[2]	[2]	[2]	[2]	[0]	[4]	[2]	[4]	[1]	[2]	[0]	[1]	[1]	[1]	[1]	[1]	[0]	[2]	[0]	[1]	[1]	[2]	[1]	[2]	[6]	[0]	[0]	[2]	[1]	[1]	[1]	[1]	[1]	[2]	[2]	[1]	[2]	[1]	[0]	[4]	[1]	[1]	[1]	[2]	[0]	[0]	[1]	[2]	[3]	[1]	[2]	[1]	[2]	[0]	[0]	[0]	[0]	[1]	[0]	[2]
Caspase3_id317	mixed-myc-low	[1]	[0]	[1]	[1, 2]	[0]	[1]	[3, 4, 5, 6]	[0]	[0, 1]	[1]	[1]	[1]	[2]	[2]	[2]	[2]	[0]	[1, 2, 3, 4]	[2]	[4]	[1]	[2]	[0]	[1]	[1]	[1]	[1]	[1]	[0]	[2]	[0]	[1]	[0, 1]	[1]	[0, 1]	[2]	[3, 4, 5, 6]	[0]	[0]	[2]	[1]	[1]	[1]	[1]	[1]	[2]	[2]	[1, 2]	[2]	[1]	[0]	[4]	[1]	[1]	[1]	[2]	[0]	[0]	[1]	[2]	[1, 2, 3]	[1]	[2]	[1]	[2]	[0]	[0]	[0]	[0]	[1]	[0]	[2]
Caspase3_id317	mixed-myc-high	[1]	[1]	[0]	[1]	[0]	[1]	[3]	[0]	[0]	[1]	[1]	[1]	[2]	[3]	[2]	[2]	[0]	[3]	[2]	[5]	[1]	[2]	[2]	[1]	[1]	[1]	[1]	[1]	[1]	[2]	[0]	[1]	[0]	[1]	[1]	[2]	[3]	[0]	[0]	[2]	[1]	[1]	[2]	[2]	[2]	[2]	[2]	[1]	[2]	[2]	[1]	[5]	[1]	[1]	[1]	[2]	[0]	[0]	[2]	[2]	[1]	[1]	[2]	[1]	[1]	[0]	[0]	[0]	[0]	[1]	[1]	[1]
Caspase3_id317	myc-high	[0]	[2]	[0]	[1]	[0]	[1]	[5]	[0]	[0]	[1]	[1]	[1]	[1]	[3]	[1]	[1]	[0]	[5]	[1]	[4]	[1]	[1]	[1]	[1]	[1]	[1]	[1]	[1]	[1]	[1]	[1]	[1]	[0]	[2]	[2]	[1]	[5]	[0]	[0]	[2]	[0]	[1]	[2]	[2]	[2]	[1]	[1]	[0]	[1]	[2]	[2]	[4]	[1]	[1]	[1]	[1]	[0]	[0]	[2]	[1]	[1]	[1]	[1]	[1]	[0]	[0]	[0]	[1]	[0]	[1]	[2]	[2]
Caspase9_id343	healthy	[2]	[0]	[1]	[1]	[0]	[1]	[2]	[0]	[0]	[1]	[1]	[1]	[1]	[0]	[1]	[1]	[0]	[0]	[1]	[1]	[1]	[1]	[0]	[1]	[1]	[1]	[1]	[1]	[0]	[1]	[1]	[1]	[0]	[0]	[0]	[1]	[2]	[0]	[0]	[2]	[2]	[1]	[0]	[0]	[0]	[1]	[1]	[2]	[1]	[0]	[0]	[1]	[1]	[1]	[1]	[1]	[0]	[0]	[0]	[1]	[1]	[1]	[1]	[1]	[2]	[0]	[1]	[0]	[0]	[1]	[0]	[5]
Caspase9_id343	myc-low	[1]	[0]	[1]	[2]	[0]	[1]	[6]	[0]	[1]	[1]	[1]	[1]	[2]	[2]	[2]	[2]	[0]	[0]	[2]	[4]	[1]	[2]	[0]	[1]	[1]	[1]	[1]	[1]	[0]	[2]	[0]	[1]	[1]	[2]	[1]	[2]	[6]	[0]	[0]	[2]	[1]	[1]	[1]	[1]	[1]	[2]	[2]	[1]	[2]	[1]	[0]	[4]	[1]	[1]	[1]	[2]	[0]	[0]	[1]	[2]	[3]	[1]	[2]	[1]	[2]	[0]	[0]	[0]	[0]	[1]	[0]	[2]
Caspase9_id343	mixed-myc-low	[1]	[0]	[1]	[1, 2]	[0]	[1]	[3, 4, 5, 6]	[0]	[0, 1]	[1]	[1]	[1]	[2]	[2]	[2]	[2]	[0]	[0]	[2]	[4]	[1]	[2]	[0]	[1]	[1]	[1]	[1]	[1]	[0]	[2]	[0]	[1]	[0, 1]	[1]	[0, 1]	[2]	[3, 4, 5, 6]	[0]	[0]	[2]	[1]	[1]	[1]	[1]	[1]	[2]	[2]	[1, 2]	[2]	[1]	[0]	[4]	[1]	[1]	[1]	[2]	[0]	[0]	[1]	[2]	[1, 2, 3]	[1]	[2]	[1]	[2]	[0]	[0]	[0]	[0]	[1]	[0]	[2]
Caspase9_id343	mixed-myc-high	[1]	[1]	[0]	[1]	[0]	[1]	[3]	[0]	[0]	[1]	[1]	[1]	[2]	[3]	[2]	[2]	[0]	[0]	[2]	[5]	[1]	[2]	[2]	[1]	[1]	[1]	[1]	[1]	[1]	[2]	[0]	[1]	[0]	[1]	[1]	[2]	[3]	[0]	[0]	[2]	[1]	[1]	[2]	[2]	[2]	[2]	[2]	[1]	[2]	[2]	[1]	[5]	[1]	[1]	[1]	[2]	[0]	[0]	[2]	[2]	[1]	[1]	[2]	[1]	[1]	[0]	[0]	[0]	[0]	[1]	[1]	[1]
Caspase9_id343	myc-high	[0]	[2]	[0]	[1]	[0]	[1]	[5]	[0]	[0]	[1]	[1]	[1]	[1]	[3]	[1]	[1]	[0]	[0]	[1]	[4]	[1]	[1]	[1]	[1]	[1]	[1]	[1]	[1]	[1]	[1]	[1]	[1]	[0]	[2]	[2]	[1]	[5]	[0]	[0]	[2]	[0]	[1]	[2]	[2]	[2]	[1]	[1]	[0]	[1]	[2]	[2]	[4]	[1]	[1]	[1]	[1]	[0]	[0]	[2]	[1]	[1]	[1]	[1]	[1]	[0]	[0]	[0]	[1]	[0]	[1]	[2]	[2]
E2F_1_id199	healthy	[2]	[0]	[1]	[1]	[0]	[1]	[2]	[0]	[0]	[1]	[1]	[1]	[1]	[0]	[1]	[1]	[0]	[0]	[1]	[0]	[1]	[1]	[0]	[1]	[1]	[1]	[1]	[1]	[0]	[1]	[1]	[1]	[0]	[0]	[0]	[1]	[2]	[0]	[0]	[2]	[2]	[1]	[0]	[0]	[0]	[1]	[1]	[2]	[1]	[0]	[0]	[0]	[1]	[1]	[1]	[1]	[0]	[0]	[0]	[1]	[1]	[1]	[1]	[1]	[2]	[0]	[1]	[0]	[0]	[1]	[0]	[5]
E2F_1_id199	myc-low	[1]	[0]	[1]	[2]	[4]	[1]	[6]	[0]	[1]	[1]	[1]	[1]	[2]	[2]	[2]	[2]	[4]	[4]	[2]	[0]	[1]	[2]	[0]	[1]	[1]	[1]	[1]	[1]	[0]	[2]	[0]	[1]	[1]	[2]	[1]	[2]	[6]	[0]	[0]	[2]	[1]	[1]	[1]	[1]	[1]	[2]	[2]	[1]	[2]	[1]	[0]	[0]	[1]	[1]	[1]	[2]	[0]	[0]	[1]	[2]	[3]	[1]	[2]	[1]	[2]	[0]	[0]	[0]	[0]	[1]	[0]	[2]
E2F_1_id199	mixed-myc-low	[1]	[0]	[1]	[1, 2]	[1, 2, 3, 4]	[1]	[3, 4, 5, 6]	[0]	[0, 1]	[1]	[1]	[1]	[2]	[2]	[2]	[2]	[1, 2, 3, 4]	[1, 2, 3, 4]	[2]	[0]	[1]	[2]	[0]	[1]	[1]	[1]	[1]	[1]	[0]	[2]	[0]	[1]	[0, 1]	[1]	[0, 1]	[2]	[3, 4, 5, 6]	[0]	[0]	[2]	[1]	[1]	[1]	[1]	[1]	[2]	[2]	[1, 2]	[2]	[1]	[0]	[0]	[1]	[1]	[1]	[2]	[0]	[0]	[1]	[2]	[1, 2, 3]	[1]	[2]	[1]	[2]	[0]	[0]	[0]	[0]	[1]	[0]	[2]
E2F_1_id199	mixed-myc-high	[0]	[1]	[0]	[1]	[5]	[1]	[5]	[1]	[0]	[1]	[1]	[1]	[2]	[3]	[2]	[2]	[5]	[5]	[2]	[0]	[1]	[2]	[0]	[1]	[1]	[1]	[1]	[1]	[1]	[2]	[0]	[1]	[0]	[1]	[1]	[2]	[5]	[0]	[0]	[2]	[0]	[1]	[2]	[2]	[2]	[2]	[2]	[1]	[2]	[2]	[1]	[0]	[1]	[1]	[1]	[2]	[0]	[0]	[2]	[2]	[1]	[1]	[2]	[1]	[1]	[0]	[0]	[0]	[0]	[1]	[1]	[1]
E2F_1_id199	myc-high	[0]	[2]	[0]	[1]	[6]	[1]	[6]	[1]	[0]	[0]	[0]	[0]	[1]	[3]	[1]	[1]	[6]	[6]	[1]	[0]	[1]	[1]	[0]	[1]	[1]	[1]	[1]	[1]	[1]	[1]	[1]	[1]	[0]	[2]	[2]	[1]	[6]	[0]	[0]	[2]	[0]	[1]	[2]	[2]	[2]	[1]	[1]	[0]	[1]	[2]	[2]	[0]	[1]	[1]	[1]	[1]	[0]	[0]	[2]	[1]	[1]	[1]	[1]	[1]	[0]	[0]	[0]	[1]	[0]	[1]	[2]	[2]
EP4_id610	healthy	[2]	[0]	[1]	[1]	[0]	[1]	[2]	[0]	[0]	[1]	[1]	[1]	[1]	[0]	[1]	[1]	[0]	[0]	[1]	[1]	[1]	[0]	[0]	[1]	[1]	[1]	[1]	[1]	[0]	[1]	[1]	[1]	[0]	[0]	[0]	[1]	[2]	[0]	[0]	[2]	[2]	[1]	[0]	[0]	[0]	[1]	[1]	[2]	[1]	[0]	[0]	[1]	[1]	[1]	[1]	[1]	[0]	[0]	[0]	[1]	[1]	[1]	[1]	[1]	[2]	[0]	[1]	[0]	[0]	[1]	[0]	[5]
EP4_id610	myc-low	[1, 2]	[0]	[0, 1]	[1, 2]	[0, 1, 2, 3, 4, 5, 6]	[1]	[2, 3, 4, 5, 6]	[0, 1]	[0, 1, 2]	[1]	[1]	[1]	[2]	[0, 1, 2]	[0, 1, 2]	[2]	[0, 1, 2, 3, 4, 5, 6]	[0, 1, 2, 3, 4, 5, 6]	[2]	[0, 1, 2, 3, 4]	[1]	[0]	[0, 1]	[1]	[1]	[1]	[1]	[1]	[0, 1, 2]	[2]	[0]	[1]	[0, 1, 2]	[2]	[1, 2]	[2]	[2, 3, 4, 5, 6]	[0]	[0]	[2]	[1, 2]	[1]	[0, 1]	[0, 1]	[0, 1]	[2]	[2]	[0, 1]	[1]	[0, 1]	[0, 1]	[0, 1, 2, 3, 4]	[1]	[1]	[1]	[2]	[0]	[0]	[0, 1]	[2]	[1, 2, 3]	[1]	[2]	[1]	[1, 2]	[0]	[0, 1]	[0, 1, 2]	[0, 1]	[1]	[0, 1]	[2, 3, 4, 5, 6]
EP4_id610	mixed-myc-low	[1, 2]	[0]	[0, 1]	[1, 2]	[0, 1, 2, 3, 4, 5, 6]	[1]	[2, 3, 4, 5, 6]	[0, 1]	[0, 1]	[1]	[1]	[1]	[2]	[0, 1, 2]	[1, 2]	[2]	[0, 1, 2, 3, 4, 5, 6]	[0, 1, 2, 3, 4, 5, 6]	[2]	[1, 2, 3, 4]	[1]	[0]	[0, 1]	[1]	[1]	[1]	[1]	[1]	[0, 1]	[2]	[0]	[1]	[0, 1]	[1]	[0, 1]	[2]	[2, 3, 4, 5, 6]	[0]	[0]	[2]	[1, 2]	[1]	[0, 1]	[0, 1]	[0, 1]	[2]	[2]	[1, 2]	[1]	[0, 1]	[0]	[1, 2, 3, 4]	[1]	[1]	[1]	[2]	[0]	[0]	[0, 1]	[2]	[1, 2, 3]	[1]	[2]	[1]	[2]	[0]	[0, 1]	[0, 1]	[0]	[1]	[0]	[2, 3, 4, 5]
EP4_id610	mixed-myc-high	[1]	[1]	[0]	[1]	[3]	[1]	[3]	[0]	[0]	[1]	[1]	[1]	[2]	[3]	[2]	[2]	[3]	[3]	[2]	[5]	[1]	[0]	[2]	[1]	[1]	[1]	[1]	[1]	[1]	[2]	[0]	[1]	[0]	[1]	[1]	[2]	[3]	[0]	[0]	[2]	[1]	[1]	[2]	[2]	[2]	[2]	[2]	[1]	[1]	[2]	[1]	[5]	[1]	[1]	[1]	[2]	[0]	[0]	[2]	[2]	[1]	[1]	[2]	[1]	[1]	[0]	[0]	[0]	[0]	[1]	[1]	[1]
EP4_id610	myc-high	[0]	[2]	[0]	[1]	[5]	[1]	[5]	[0]	[0]	[1]	[1]	[1]	[1]	[3]	[1]	[1]	[5]	[5]	[1]	[4]	[1]	[0]	[1]	[1]	[1]	[1]	[1]	[1]	[1]	[1]	[1]	[1]	[0]	[2]	[2]	[1]	[5]	[0]	[0]	[2]	[0]	[1]	[2]	[2]	[2]	[1]	[1]	[0]	[1]	[2]	[2]	[4]	[1]	[1]	[1]	[1]	[0]	[0]	[2]	[1]	[1]	[1]	[1]	[1]	[0]	[0]	[0]	[1]	[0]	[1]	[2]	[2]
EZH2_id535	healthy	[2]	[0]	[1]	[1]	[0]	[1]	[2]	[0]	[0]	[1]	[1]	[1]	[1]	[0]	[1]	[1]	[0]	[0]	[1]	[1]	[1]	[1]	[0]	[1]	[1]	[1]	[1]	[1]	[0]	[1]	[1]	[1]	[0]	[0]	[0]	[1]	[2]	[0]	[0]	[2]	[2]	[1]	[0]	[0]	[0]	[1]	[1]	[2]	[1]	[0]	[0]	[1]	[1]	[1]	[1]	[1]	[0]	[0]	[0]	[1]	[1]	[1]	[1]	[1]	[2]	[0]	[1]	[0]	[0]	[1]	[0]	[5]
EZH2_id535	myc-low	[1]	[0]	[1]	[2]	[4]	[1]	[6]	[0]	[1]	[1]	[1]	[1]	[2]	[2]	[2]	[2]	[4]	[4]	[2]	[4]	[1]	[2]	[0]	[1]	[1]	[1]	[1]	[1]	[0]	[2]	[0]	[1]	[1]	[2]	[1]	[2]	[6]	[0]	[0]	[2]	[1]	[1]	[1]	[1]	[1]	[2]	[2]	[1]	[2]	[1]	[0]	[4]	[1]	[1]	[1]	[2]	[0]	[0]	[1]	[2]	[3]	[1]	[2]	[1]	[2]	[0]	[0]	[0]	[0]	[1]	[0]	[2]
EZH2_id535	mixed-myc-low	[1]	[0]	[1]	[1, 2]	[1, 2, 3, 4]	[1]	[3, 4, 5, 6]	[0]	[0, 1]	[1]	[1]	[1]	[2]	[2]	[2]	[2]	[1, 2, 3, 4]	[1, 2, 3, 4]	[2]	[4]	[1]	[2]	[0]	[1]	[1]	[1]	[1]	[1]	[0]	[2]	[0]	[1]	[0, 1]	[1]	[0, 1]	[2]	[3, 4, 5, 6]	[0]	[0]	[2]	[1]	[1]	[1]	[1]	[1]	[2]	[2]	[1, 2]	[2]	[1]	[0]	[4]	[1]	[1]	[1]	[2]	[0]	[0]	[1]	[2]	[1, 2, 3]	[1]	[2]	[1]	[2]	[0]	[0]	[0]	[0]	[1]	[0]	[2]
EZH2_id535	mixed-myc-high	[0]	[1]	[0]	[1]	[5]	[1]	[5]	[1]	[0]	[1]	[1]	[1]	[2]	[3]	[2]	[2]	[5]	[5]	[2]	[5]	[1]	[2]	[0]	[1]	[1]	[1]	[1]	[1]	[1]	[2]	[0]	[1]	[0]	[1]	[1]	[2]	[5]	[0]	[0]	[2]	[0]	[1]	[2]	[2]	[2]	[2]	[2]	[1]	[2]	[2]	[1]	[5]	[1]	[1]	[1]	[2]	[0]	[0]	[2]	[2]	[1]	[1]	[2]	[1]	[1]	[0]	[0]	[0]	[0]	[1]	[1]	[1]
EZH2_id535	myc-high	[0]	[2]	[0]	[1]	[6]	[1]	[6]	[1]	[0]	[0]	[0]	[0]	[1]	[3]	[1]	[1]	[6]	[6]	[1]	[4]	[1]	[1]	[0]	[1]	[1]	[1]	[1]	[1]	[1]	[1]	[1]	[1]	[0]	[2]	[2]	[1]	[6]	[0]	[0]	[2]	[0]	[1]	[2]	[2]	[2]	[1]	[1]	[0]	[1]	[2]	[2]	[4]	[1]	[1]	[1]	[1]	[0]	[0]	[2]	[1]	[1]	[1]	[1]	[1]	[0]	[0]	[0]	[1]	[0]	[1]	[2]	[2]
Elk_1_id661	healthy	[2]	[0]	[1]	[1]	[0]	[1]	[2]	[0]	[0]	[1]	[1]	[1]	[1]	[0]	[1]	[1]	[0]	[0]	[1]	[1]	[1]	[1]	[0]	[0]	[1]	[1]	[1]	[1]	[0]	[1]	[1]	[1]	[0]	[0]	[0]	[1]	[2]	[0]	[0]	[2]	[2]	[1]	[0]	[0]	[0]	[1]	[1]	[2]	[1]	[0]	[0]	[1]	[1]	[1]	[1]	[1]	[0]	[0]	[0]	[1]	[1]	[1]	[1]	[0]	[2]	[0]	[1]	[0]	[0]	[1]	[0]	[5]
Elk_1_id661	myc-low	[1, 2]	[0]	[1, 2]	[2]	[0, 1, 2, 3, 4]	[0, 1]	[3, 4, 5, 6]	[0, 1]	[1, 2]	[1, 2]	[1, 2]	[1, 2]	[2]	[0, 1, 2]	[0, 1, 2]	[2]	[0, 1, 2, 3, 4]	[0, 1, 2, 3, 4]	[2]	[0, 1, 2, 3, 4]	[1]	[2]	[0]	[0]	[1]	[1]	[1]	[1]	[0, 1]	[2]	[0]	[0, 1]	[1, 2]	[2]	[1]	[2]	[3, 4, 5, 6]	[0]	[0]	[2]	[1, 2]	[1]	[0, 1]	[0, 1]	[0, 1]	[2]	[2]	[1]	[2]	[0, 1]	[0, 1]	[0, 1, 2, 3, 4]	[1]	[1]	[1]	[2]	[0]	[0]	[0, 1]	[2]	[3]	[1]	[2]	[0]	[1, 2]	[0]	[0, 1]	[0, 1]	[0, 1]	[1]	[0, 1]	[2, 3, 4, 5, 6]
Elk_1_id661	mixed-myc-low	[1, 2]	[0]	[1, 2]	[1, 2]	[0, 1, 2, 3, 4]	[0, 1]	[0, 1, 2, 3, 4, 5, 6]	[0, 1]	[0, 1, 2]	[1, 2]	[1, 2]	[1, 2]	[2]	[0, 1, 2]	[0, 1, 2]	[2]	[0, 1, 2, 3, 4]	[0, 1, 2, 3, 4]	[2]	[0, 1, 2, 3, 4]	[1]	[2]	[0]	[0]	[1]	[1]	[1]	[1]	[0, 1]	[2]	[0]	[0, 1]	[0, 1, 2]	[1]	[0, 1]	[2]	[0, 1, 2, 3, 4, 5, 6]	[0]	[0]	[2]	[1, 2]	[1]	[0, 1]	[0, 1]	[0, 1]	[2]	[2]	[1, 2]	[2]	[0, 1]	[0, 1]	[0, 1, 2, 3, 4]	[1]	[1]	[1]	[2]	[0]	[0]	[0, 1]	[2]	[1, 2, 3]	[1]	[2]	[0]	[1, 2]	[0]	[0, 1]	[0, 1]	[0, 1]	[1]	[0, 1]	[2, 3, 4, 5, 6]
Elk_1_id661	mixed-myc-high	[1]	[1]	[0]	[1]	[3]	[1]	[3]	[0]	[0]	[1]	[1]	[1]	[2]	[3]	[2]	[2]	[3]	[3]	[2]	[5]	[1]	[2]	[2]	[0]	[1]	[1]	[1]	[1]	[1]	[2]	[0]	[1]	[0]	[1]	[1]	[2]	[3]	[0]	[0]	[2]	[1]	[1]	[2]	[2]	[2]	[2]	[2]	[1]	[2]	[2]	[1]	[5]	[1]	[1]	[1]	[2]	[0]	[0]	[2]	[2]	[1]	[1]	[2]	[0]	[1]	[0]	[0]	[0]	[0]	[1]	[1]	[1]
Elk_1_id661	myc-high	[0]	[2]	[0]	[1]	[5]	[1]	[5]	[0]	[0]	[1]	[1]	[1]	[1]	[3]	[1]	[1]	[5]	[5]	[1]	[4]	[1]	[1]	[1]	[0]	[1]	[1]	[1]	[1]	[1]	[1]	[1]	[1]	[0]	[2]	[2]	[1]	[5]	[0]	[0]	[2]	[0]	[1]	[2]	[2]	[2]	[1]	[1]	[0]	[1]	[2]	[2]	[4]	[1]	[1]	[1]	[1]	[0]	[0]	[2]	[1]	[1]	[1]	[1]	[0]	[0]	[0]	[0]	[1]	[0]	[1]	[2]	[2]
ErbB1_id298	healthy	[2]	[0]	[1]	[0]	[0]	[1]	[2]	[0]	[0]	[1]	[1]	[1]	[1]	[0]	[0]	[1]	[0]	[0]	[1]	[0]	[1]	[1]	[0]	[0]	[0]	[0]	[0]	[0]	[1]	[1]	[1]	[1]	[0]	[0]	[0]	[1]	[2]	[0]	[0]	[2]	[2]	[0]	[0]	[0]	[0]	[1]	[1]	[2]	[1]	[0]	[0]	[0]	[0]	[0]	[0]	[1]	[0]	[0]	[0]	[1]	[0]	[1]	[1]	[0]	[2]	[0]	[0]	[0]	[0]	[0]	[0]	[6]
ErbB1_id298	myc-low	[1, 2]	[0]	[0, 1]	[1, 2]	[0, 1, 2, 3, 4, 5, 6]	[1, 2]	[2, 3, 4, 5, 6]	[0, 1]	[0, 1, 2]	[0, 1]	[0, 1]	[0, 1]	[2]	[0]	[0, 1]	[2]	[0, 1, 2, 3, 4, 5, 6]	[0, 1, 2, 3, 4, 5, 6]	[2]	[0, 1]	[1]	[2]	[0]	[0]	[0]	[0]	[0]	[0]	[1, 2]	[2]	[0]	[1]	[0, 1, 2]	[2]	[1, 2]	[2]	[2, 3, 4, 5, 6]	[0]	[0]	[2]	[1, 2]	[0]	[0]	[0]	[0, 1]	[2]	[2]	[0, 1]	[1]	[0, 1]	[0, 1]	[0, 1]	[0]	[0]	[0]	[2]	[0]	[0]	[0]	[2]	[1, 2, 3]	[1]	[2]	[0]	[1, 2]	[0]	[0]	[0, 1, 2]	[0, 1]	[0]	[0, 1]	[5, 6]
ErbB1_id298	mixed-myc-low	[1]	[0]	[1]	[1]	[4]	[1]	[6]	[1]	[1]	[1]	[1]	[1]	[2]	[0]	[0]	[2]	[4]	[4]	[2]	[0]	[1]	[2]	[0]	[0]	[0]	[0]	[0]	[0]	[2]	[2]	[0]	[1]	[1]	[1]	[1]	[2]	[6]	[0]	[0]	[2]	[1]	[0]	[0]	[0]	[0]	[2]	[2]	[1]	[1]	[0]	[0]	[0]	[0]	[0]	[0]	[2]	[0]	[0]	[0]	[2]	[2]	[1]	[2]	[0]	[2]	[0]	[0]	[1]	[1]	[0]	[0]	[6]
ErbB1_id298	mixed-myc-high	[0]	[1]	[0]	[1]	[6]	[2]	[6]	[1]	[0]	[0]	[0]	[0]	[2]	[3]	[2]	[2]	[6]	[6]	[2]	[5]	[1]	[2]	[2]	[0]	[0]	[0]	[0]	[0]	[1]	[2]	[0]	[1]	[0]	[1]	[1]	[2]	[6]	[0]	[0]	[2]	[0]	[0]	[2]	[2]	[2]	[2]	[2]	[1]	[1]	[2]	[1]	[5]	[0]	[0]	[0]	[2]	[0]	[0]	[2]	[2]	[1]	[1]	[2]	[0]	[1]	[0]	[0]	[0]	[0]	[0]	[1]	[1]
ErbB1_id298	myc-high	[0]	[2]	[0]	[0]	[6]	[2]	[6]	[1]	[0]	[0]	[0]	[0]	[1]	[2]	[1]	[1]	[6]	[6]	[1]	[3]	[1]	[1]	[1]	[0]	[0]	[0]	[0]	[0]	[1]	[1]	[1]	[2]	[0]	[2]	[2]	[1]	[6]	[0]	[0]	[2]	[0]	[0]	[2]	[2]	[2]	[1]	[1]	[0]	[1]	[2]	[2]	[3]	[0]	[0]	[0]	[1]	[0]	[0]	[2]	[1]	[0]	[1]	[1]	[0]	[0]	[0]	[0]	[1]	[0]	[0]	[2]	[3]
Erk_id36	healthy	[2]	[0]	[1]	[1]	[0]	[1]	[2]	[0]	[0]	[1]	[1]	[1]	[1]	[0]	[0]	[1]	[0]	[0]	[1]	[0]	[1]	[1]	[0]	[0]	[1]	[1]	[0]	[0]	[1]	[1]	[1]	[1]	[0]	[0]	[0]	[1]	[2]	[0]	[0]	[2]	[2]	[1]	[0]	[0]	[0]	[1]	[1]	[2]	[1]	[0]	[0]	[0]	[1]	[1]	[0]	[1]	[0]	[0]	[0]	[1]	[1]	[1]	[1]	[0]	[2]	[0]	[0]	[0]	[0]	[1]	[0]	[6]
Erk_id36	myc-low	[1, 2]	[0]	[1, 2]	[2]	[0, 1, 2, 3, 4]	[0, 1]	[3, 4, 5, 6]	[0, 1]	[1, 2]	[1, 2]	[1, 2]	[1, 2]	[2]	[0]	[0, 1]	[2]	[0, 1, 2, 3, 4]	[0, 1, 2, 3, 4]	[2]	[0, 1]	[1]	[2]	[0]	[0]	[1]	[1]	[0]	[0]	[1, 2]	[2]	[0]	[1]	[1, 2]	[2]	[1]	[2]	[3, 4, 5, 6]	[0]	[0]	[2]	[1, 2]	[1]	[0]	[0]	[0, 1]	[2]	[2]	[1]	[2]	[0, 1]	[0, 1]	[0, 1]	[1]	[1]	[0]	[2]	[0]	[0]	[0]	[2]	[3]	[1]	[2]	[0]	[1, 2]	[0]	[0]	[0, 1]	[0, 1]	[1]	[0, 1]	[5, 6]
Erk_id36	mixed-myc-low	[2]	[0]	[2]	[2]	[0]	[0]	[3]	[0]	[1]	[2]	[2]	[2]	[2]	[0]	[1]	[2]	[0]	[0]	[2]	[1]	[1]	[2]	[0]	[0]	[1]	[1]	[0]	[0]	[0]	[2]	[0]	[1]	[1]	[1]	[0]	[2]	[3]	[0]	[0]	[2]	[2]	[1]	[0]	[0]	[0]	[2]	[2]	[2]	[2]	[0]	[0]	[1]	[1]	[1]	[0]	[2]	[0]	[0]	[0]	[2]	[3]	[1]	[2]	[0]	[2]	[0]	[0]	[0]	[0]	[1]	[0]	[5]
Erk_id36	mixed-myc-high	[0]	[1]	[0]	[1]	[6]	[2]	[6]	[1]	[0]	[0]	[0]	[0]	[2]	[3]	[2]	[2]	[6]	[6]	[2]	[5]	[1]	[2]	[2]	[0]	[1]	[1]	[0]	[0]	[1]	[2]	[0]	[1]	[0]	[1]	[1]	[2]	[6]	[0]	[0]	[2]	[0]	[1]	[2]	[2]	[2]	[2]	[2]	[1]	[2]	[2]	[1]	[5]	[1]	[1]	[0]	[2]	[0]	[0]	[2]	[2]	[1]	[1]	[2]	[0]	[1]	[0]	[0]	[0]	[0]	[1]	[1]	[1]
Erk_id36	myc-high	[0]	[2]	[0]	[1]	[6]	[2]	[6]	[1]	[0]	[0]	[0]	[0]	[1]	[2]	[1]	[1]	[6]	[6]	[1]	[3]	[1]	[1]	[1]	[0]	[1]	[1]	[0]	[0]	[1]	[1]	[1]	[2]	[0]	[2]	[2]	[1]	[6]	[0]	[0]	[2]	[0]	[1]	[2]	[2]	[2]	[1]	[1]	[0]	[1]	[2]	[2]	[3]	[1]	[1]	[0]	[1]	[0]	[0]	[2]	[1]	[1]	[1]	[1]	[0]	[0]	[0]	[0]	[1]	[0]	[1]	[2]	[3]
Ets_2_id38	healthy	[2]	[0]	[1]	[1]	[0]	[1]	[2]	[0]	[0]	[1]	[1]	[1]	[1]	[0]	[1]	[1]	[0]	[0]	[1]	[1]	[1]	[1]	[0]	[1]	[1]	[1]	[1]	[0]	[0]	[1]	[1]	[1]	[0]	[0]	[0]	[1]	[2]	[0]	[0]	[2]	[2]	[1]	[0]	[0]	[0]	[1]	[1]	[2]	[1]	[0]	[0]	[1]	[1]	[1]	[1]	[1]	[0]	[0]	[0]	[1]	[1]	[1]	[1]	[1]	[2]	[0]	[0]	[0]	[0]	[1]	[0]	[5]
Ets_2_id38	myc-low	[1, 2]	[0]	[1, 2]	[2]	[0, 1, 2, 3, 4]	[0, 1]	[3, 4, 5, 6]	[0, 1]	[1, 2]	[1, 2]	[1, 2]	[1, 2]	[2]	[0, 1, 2]	[1, 2]	[2]	[0, 1, 2, 3, 4]	[0, 1, 2, 3, 4]	[2]	[1, 2, 3, 4]	[1]	[2]	[0]	[1]	[1]	[1]	[1]	[0]	[0, 1]	[2]	[0]	[0, 1]	[1, 2]	[2]	[1]	[2]	[3, 4, 5, 6]	[0]	[0]	[2]	[1, 2]	[1]	[0, 1]	[0, 1]	[0, 1]	[2]	[2]	[1]	[2]	[0, 1]	[0, 1]	[1, 2, 3, 4]	[1]	[1]	[1]	[2]	[0]	[0]	[0, 1]	[2]	[3]	[1]	[2]	[1]	[1, 2]	[0]	[0]	[0, 1]	[0, 1]	[1]	[0, 1]	[2, 3, 4, 5]
Ets_2_id38	mixed-myc-low	[1, 2]	[0]	[1, 2]	[1, 2]	[0, 1, 2, 3, 4]	[0, 1]	[0, 1, 2, 3, 4, 5, 6]	[0, 1]	[0, 1, 2]	[1, 2]	[1, 2]	[1, 2]	[2]	[0, 1, 2]	[1, 2]	[2]	[0, 1, 2, 3, 4]	[0, 1, 2, 3, 4]	[2]	[1, 2, 3, 4]	[1]	[2]	[0]	[1]	[1]	[1]	[1]	[0]	[0, 1]	[2]	[0]	[0, 1]	[0, 1, 2]	[1]	[0, 1]	[2]	[0, 1, 2, 3, 4, 5, 6]	[0]	[0]	[2]	[1, 2]	[1]	[0, 1]	[0, 1]	[0, 1]	[2]	[2]	[1, 2]	[2]	[0, 1]	[0, 1]	[1, 2, 3, 4]	[1]	[1]	[1]	[2]	[0]	[0]	[0, 1]	[2]	[1, 2, 3]	[1]	[2]	[1]	[1, 2]	[0]	[0]	[0, 1]	[0, 1]	[1]	[0, 1]	[2, 3, 4, 5]
Ets_2_id38	mixed-myc-high	[1]	[1]	[0]	[1]	[3]	[1]	[3]	[0]	[0]	[1]	[1]	[1]	[2]	[3]	[2]	[2]	[3]	[3]	[2]	[5]	[1]	[2]	[2]	[1]	[1]	[1]	[1]	[0]	[1]	[2]	[0]	[1]	[0]	[1]	[1]	[2]	[3]	[0]	[0]	[2]	[1]	[1]	[2]	[2]	[2]	[2]	[2]	[1]	[2]	[2]	[1]	[5]	[1]	[1]	[1]	[2]	[0]	[0]	[2]	[2]	[1]	[1]	[2]	[1]	[1]	[0]	[0]	[0]	[0]	[1]	[1]	[1]
Ets_2_id38	myc-high	[0]	[2]	[0]	[1]	[5]	[1]	[5]	[0]	[0]	[1]	[1]	[1]	[1]	[3]	[1]	[1]	[5]	[5]	[1]	[4]	[1]	[1]	[1]	[1]	[1]	[1]	[1]	[0]	[1]	[1]	[1]	[1]	[0]	[2]	[2]	[1]	[5]	[0]	[0]	[2]	[0]	[1]	[2]	[2]	[2]	[1]	[1]	[0]	[1]	[2]	[2]	[4]	[1]	[1]	[1]	[1]	[0]	[0]	[2]	[1]	[1]	[1]	[1]	[1]	[0]	[0]	[0]	[1]	[0]	[1]	[2]	[2]
Frizzled_id218	healthy	[2]	[0]	[1]	[0]	[0]	[1]	[2]	[0]	[0]	[1]	[1]	[1]	[0]	[0]	[0]	[0]	[0]	[0]	[0]	[0]	[1]	[0]	[0]	[1]	[1]	[1]	[1]	[1]	[0]	[0]	[2]	[1]	[0]	[0]	[0]	[1]	[2]	[0]	[0]	[2]	[2]	[1]	[0]	[0]	[0]	[0]	[0]	[2]	[1]	[0]	[0]	[0]	[1]	[1]	[1]	[0]	[0]	[0]	[0]	[0]	[0]	[1]	[1]	[1]	[2]	[0]	[1]	[0]	[0]	[1]	[0]	[6]
Frizzled_id218	myc-low	[1, 2]	[0]	[0, 1]	[0, 1, 2]	[0, 1, 2, 3, 4, 5, 6]	[1]	[2, 3, 4, 5, 6]	[0]	[0, 1, 2]	[1]	[1]	[1]	[0]	[0]	[0]	[0]	[0, 1, 2, 3, 4, 5, 6]	[0, 1, 2, 3, 4, 5, 6]	[0]	[0]	[1]	[0]	[0]	[1]	[1]	[1]	[1]	[1]	[1, 2]	[0]	[2]	[1, 2]	[0, 1, 2]	[2]	[1, 2]	[2]	[2, 3, 4, 5, 6]	[0]	[0]	[2]	[1, 2]	[1]	[0]	[0]	[0, 1]	[0]	[0]	[0, 1]	[1]	[0, 1]	[0, 1]	[0]	[1]	[1]	[1]	[0]	[0]	[0]	[0]	[0]	[0, 1, 2, 3]	[1]	[2]	[1]	[1, 2]	[0]	[1]	[0, 1, 2]	[1, 2]	[1]	[0, 1]	[6]
Frizzled_id218	mixed-myc-low	[2]	[0]	[1]	[1]	[3]	[1]	[5]	[0]	[1]	[1]	[1]	[1]	[0]	[0]	[0]	[0]	[3]	[3]	[0]	[0]	[1]	[0]	[0]	[1]	[1]	[1]	[1]	[1]	[1]	[0]	[2]	[1]	[1]	[1]	[1]	[2]	[5]	[0]	[0]	[2]	[2]	[1]	[0]	[0]	[0]	[0]	[0]	[1]	[1]	[0]	[0]	[0]	[1]	[1]	[1]	[0]	[0]	[0]	[0]	[0]	[2]	[1]	[2]	[1]	[2]	[0]	[1]	[0]	[1]	[1]	[0]	[6]
Frizzled_id218	mixed-myc-high	[0]	[2]	[0]	[0]	[5]	[1]	[5]	[0]	[0]	[1]	[1]	[1]	[0]	[2]	[1]	[0]	[5]	[5]	[0]	[3]	[1]	[0]	[1]	[1]	[1]	[1]	[1]	[1]	[1]	[0]	[2]	[2]	[0]	[1]	[1]	[2]	[5]	[0]	[0]	[2]	[0]	[1]	[2]	[2]	[2]	[0]	[0]	[1]	[1]	[2]	[2]	[3]	[1]	[1]	[1]	[0]	[0]	[0]	[2]	[0]	[0]	[1]	[2]	[1]	[0]	[0]	[0]	[1]	[0]	[1]	[2]	[3]
Frizzled_id218	myc-high	[0]	[2]	[0]	[0]	[5]	[1]	[5]	[0]	[0]	[1]	[1]	[1]	[0]	[2]	[1]	[0]	[5]	[5]	[0]	[3]	[1]	[0]	[1]	[1]	[1]	[1]	[1]	[1]	[1]	[0]	[2]	[2]	[0]	[2]	[2]	[1]	[5]	[0]	[0]	[2]	[0]	[1]	[2]	[2]	[2]	[0]	[0]	[0]	[1]	[2]	[2]	[3]	[1]	[1]	[1]	[0]	[0]	[0]	[2]	[0]	[0]	[1]	[1]	[1]	[0]	[0]	[0]	[1]	[0]	[1]	[2]	[3]
GSK3_id45	healthy	[1]	[0]	[1]	[1]	[1]	[1]	[3]	[0]	[0]	[1]	[1]	[1]	[2]	[2]	[2]	[2]	[1]	[1]	[1]	[4]	[1]	[2]	[0]	[1]	[1]	[1]	[1]	[1]	[0]	[1]	[0]	[0]	[0]	[0]	[0]	[1]	[3]	[0]	[0]	[2]	[1]	[1]	[1]	[1]	[1]	[2]	[2]	[2]	[2]	[1]	[0]	[4]	[1]	[1]	[1]	[2]	[0]	[0]	[1]	[2]	[1]	[1]	[1]	[1]	[2]	[0]	[0]	[0]	[0]	[1]	[0]	[2]
GSK3_id45	myc-low	[1]	[0]	[1]	[2]	[4]	[1]	[6]	[0]	[1]	[1]	[1]	[1]	[2]	[2]	[2]	[2]	[4]	[4]	[2]	[4]	[1]	[2]	[0]	[1]	[1]	[1]	[1]	[1]	[0]	[2]	[0]	[0]	[1]	[2]	[1]	[2]	[6]	[0]	[0]	[2]	[1]	[1]	[1]	[1]	[1]	[2]	[2]	[1]	[2]	[1]	[0]	[4]	[1]	[1]	[1]	[2]	[0]	[0]	[1]	[2]	[3]	[1]	[2]	[1]	[2]	[0]	[0]	[0]	[0]	[1]	[0]	[2]
GSK3_id45	mixed-myc-low	[1]	[0]	[1]	[1, 2]	[1, 2, 3, 4]	[1]	[3, 4, 5, 6]	[0]	[0, 1]	[1]	[1]	[1]	[2]	[2]	[2]	[2]	[1, 2, 3, 4]	[1, 2, 3, 4]	[2]	[4]	[1]	[2]	[0]	[1]	[1]	[1]	[1]	[1]	[0]	[2]	[0]	[0]	[0, 1]	[1]	[0, 1]	[2]	[3, 4, 5, 6]	[0]	[0]	[2]	[1]	[1]	[1]	[1]	[1]	[2]	[2]	[1, 2]	[2]	[1]	[0]	[4]	[1]	[1]	[1]	[2]	[0]	[0]	[1]	[2]	[1, 2, 3]	[1]	[2]	[1]	[2]	[0]	[0]	[0]	[0]	[1]	[0]	[2]
GSK3_id45	mixed-myc-high	[1]	[1]	[0]	[1]	[3]	[1]	[3]	[0]	[0]	[1]	[1]	[1]	[2]	[3]	[2]	[2]	[3]	[3]	[2]	[5]	[1]	[2]	[2]	[1]	[1]	[1]	[1]	[1]	[1]	[2]	[0]	[0]	[0]	[1]	[1]	[2]	[3]	[0]	[0]	[2]	[1]	[1]	[2]	[2]	[2]	[2]	[2]	[1]	[2]	[2]	[1]	[5]	[1]	[1]	[1]	[2]	[0]	[0]	[2]	[2]	[1]	[1]	[2]	[1]	[1]	[0]	[0]	[0]	[0]	[1]	[1]	[1]
GSK3_id45	myc-high	[1]	[1]	[0]	[1, 2]	[3, 4, 5, 6]	[1]	[3, 4, 5, 6]	[0]	[0, 1]	[1]	[1]	[1]	[2]	[3]	[2]	[2]	[3, 4, 5, 6]	[3, 4, 5, 6]	[1]	[5]	[1]	[2]	[2]	[1]	[1]	[1]	[1]	[1]	[1]	[1]	[0]	[0]	[0, 1]	[2]	[1, 2]	[1]	[3, 4, 5, 6]	[0]	[0]	[2]	[1]	[1]	[2]	[2]	[2]	[2]	[2]	[0, 1]	[2]	[2]	[1]	[5]	[1]	[1]	[1]	[2]	[0]	[0]	[2]	[2]	[1, 2, 3]	[1]	[1]	[1]	[1]	[0]	[0]	[0, 1]	[0]	[1]	[1]	[1]
HIF1_id558	healthy	[2]	[0]	[1]	[1]	[0]	[1]	[2]	[0]	[0]	[1]	[1]	[1]	[1]	[0]	[1]	[1]	[0]	[0]	[1]	[1]	[1]	[1]	[0]	[1]	[1]	[1]	[1]	[1]	[0]	[1]	[1]	[1]	[0]	[0]	[0]	[1]	[2]	[0]	[0]	[2]	[2]	[1]	[0]	[0]	[0]	[1]	[1]	[2]	[1]	[0]	[0]	[1]	[1]	[1]	[1]	[1]	[0]	[0]	[0]	[1]	[1]	[1]	[1]	[1]	[2]	[0]	[1]	[0]	[0]	[1]	[0]	[5]
HIF1_id558	myc-low	[1]	[0]	[1]	[1]	[1]	[1]	[3]	[1]	[0]	[1]	[1]	[1]	[2]	[2]	[2]	[2]	[1]	[1]	[2]	[4]	[1]	[2]	[0]	[1]	[1]	[1]	[1]	[1]	[1]	[2]	[0]	[1]	[0]	[2]	[2]	[2]	[3]	[0]	[0]	[2]	[1]	[1]	[1]	[1]	[1]	[2]	[2]	[0]	[2]	[1]	[0]	[4]	[1]	[1]	[1]	[2]	[0]	[0]	[1]	[2]	[1]	[1]	[2]	[1]	[2]	[0]	[0]	[0]	[0]	[1]	[0]	[2]
HIF1_id558	mixed-myc-low	[1]	[0]	[1]	[1]	[1]	[1]	[3]	[0]	[0]	[1]	[1]	[1]	[2]	[2]	[2]	[2]	[1]	[1]	[2]	[4]	[1]	[2]	[0]	[1]	[1]	[1]	[1]	[1]	[0]	[2]	[0]	[1]	[0]	[1]	[1]	[2]	[3]	[0]	[0]	[2]	[1]	[1]	[1]	[1]	[1]	[2]	[2]	[1]	[2]	[1]	[0]	[4]	[1]	[1]	[1]	[2]	[0]	[0]	[1]	[2]	[1]	[1]	[2]	[1]	[2]	[0]	[0]	[0]	[0]	[1]	[0]	[2]
HIF1_id558	mixed-myc-high	[1]	[1]	[0]	[1]	[3]	[1]	[3]	[0]	[0]	[1]	[1]	[1]	[2]	[3]	[2]	[2]	[3]	[3]	[2]	[5]	[1]	[2]	[2]	[1]	[1]	[1]	[1]	[1]	[1]	[2]	[0]	[1]	[0]	[1]	[1]	[2]	[3]	[0]	[0]	[2]	[1]	[1]	[2]	[2]	[2]	[2]	[2]	[1]	[2]	[2]	[1]	[5]	[1]	[1]	[1]	[2]	[0]	[0]	[2]	[2]	[1]	[1]	[2]	[1]	[1]	[0]	[0]	[0]	[0]	[1]	[1]	[1]
HIF1_id558	myc-high	[0]	[2]	[0]	[1]	[5]	[1]	[5]	[0]	[0]	[1]	[1]	[1]	[1]	[3]	[1]	[1]	[5]	[5]	[1]	[4]	[1]	[1]	[1]	[1]	[1]	[1]	[1]	[1]	[1]	[1]	[1]	[1]	[0]	[2]	[2]	[1]	[5]	[0]	[0]	[2]	[0]	[1]	[2]	[2]	[2]	[1]	[1]	[0]	[1]	[2]	[2]	[4]	[1]	[1]	[1]	[1]	[0]	[0]	[2]	[1]	[1]	[1]	[1]	[1]	[0]	[0]	[0]	[1]	[0]	[1]	[2]	[2]
Mcl1_id321	healthy	[2]	[0]	[1]	[1]	[1]	[1]	[3]	[0]	[0]	[1]	[1]	[1]	[1]	[0]	[1]	[1]	[1]	[1]	[1]	[1]	[1]	[1]	[0]	[1]	[1]	[1]	[1]	[1]	[0]	[1]	[1]	[1]	[0]	[0]	[0]	[1]	[3]	[0]	[0]	[2]	[0]	[1]	[0]	[0]	[0]	[1]	[1]	[2]	[1]	[0]	[0]	[1]	[1]	[1]	[1]	[1]	[0]	[0]	[0]	[1]	[1]	[1]	[1]	[1]	[2]	[0]	[1]	[0]	[0]	[1]	[0]	[5]
Mcl1_id321	myc-low	[1]	[0]	[1]	[2]	[4]	[1]	[6]	[0]	[1]	[1]	[1]	[1]	[2]	[2]	[2]	[2]	[4]	[4]	[2]	[4]	[1]	[2]	[0]	[1]	[1]	[1]	[1]	[1]	[0]	[2]	[0]	[1]	[1]	[2]	[1]	[2]	[6]	[0]	[0]	[2]	[0]	[1]	[1]	[1]	[1]	[2]	[2]	[1]	[2]	[1]	[0]	[4]	[1]	[1]	[1]	[2]	[0]	[0]	[1]	[2]	[3]	[1]	[2]	[1]	[2]	[0]	[0]	[0]	[0]	[1]	[0]	[2]
Mcl1_id321	mixed-myc-low	[1]	[0]	[1]	[1, 2]	[2, 3, 4]	[1]	[4, 5, 6]	[0]	[0, 1]	[1]	[1]	[1]	[2]	[2]	[2]	[2]	[2, 3, 4]	[2, 3, 4]	[2]	[4]	[1]	[2]	[0]	[1]	[1]	[1]	[1]	[1]	[0]	[2]	[0]	[1]	[0, 1]	[1]	[0, 1]	[2]	[4, 5, 6]	[0]	[0]	[2]	[0]	[1]	[1]	[1]	[1]	[2]	[2]	[1, 2]	[2]	[1]	[0]	[4]	[1]	[1]	[1]	[2]	[0]	[0]	[1]	[2]	[1, 2, 3]	[1]	[2]	[1]	[2]	[0]	[0]	[0]	[0]	[1]	[0]	[2]
Mcl1_id321	mixed-myc-high	[1]	[1]	[0]	[1]	[4]	[1]	[4]	[0]	[0]	[1]	[1]	[1]	[2]	[3]	[2]	[2]	[4]	[4]	[2]	[5]	[1]	[2]	[2]	[1]	[1]	[1]	[1]	[1]	[1]	[2]	[0]	[1]	[0]	[1]	[1]	[2]	[4]	[0]	[0]	[2]	[0]	[1]	[2]	[2]	[2]	[2]	[2]	[1]	[2]	[2]	[1]	[5]	[1]	[1]	[1]	[2]	[0]	[0]	[2]	[2]	[1]	[1]	[2]	[1]	[1]	[0]	[0]	[0]	[0]	[1]	[1]	[1]
Mcl1_id321	myc-high	[0]	[2]	[0]	[1]	[5]	[1]	[5]	[0]	[0]	[1]	[1]	[1]	[1]	[3]	[1]	[1]	[5]	[5]	[1]	[4]	[1]	[1]	[1]	[1]	[1]	[1]	[1]	[1]	[1]	[1]	[1]	[1]	[0]	[2]	[2]	[1]	[5]	[0]	[0]	[2]	[0]	[1]	[2]	[2]	[2]	[1]	[1]	[0]	[1]	[2]	[2]	[4]	[1]	[1]	[1]	[1]	[0]	[0]	[2]	[1]	[1]	[1]	[1]	[1]	[0]	[0]	[0]	[1]	[0]	[1]	[2]	[2]
Mek_id35	healthy	[2]	[0]	[1]	[0]	[0]	[1]	[2]	[0]	[0]	[1]	[1]	[1]	[1]	[0]	[0]	[1]	[0]	[0]	[1]	[0]	[1]	[1]	[0]	[0]	[1]	[1]	[0]	[0]	[1]	[1]	[1]	[1]	[0]	[0]	[0]	[1]	[2]	[0]	[0]	[2]	[2]	[0]	[0]	[0]	[0]	[1]	[1]	[2]	[1]	[0]	[0]	[0]	[1]	[1]	[0]	[1]	[0]	[0]	[0]	[1]	[0]	[1]	[1]	[0]	[2]	[0]	[0]	[0]	[0]	[0]	[0]	[6]
Mek_id35	myc-low	[1, 2]	[0]	[1, 2]	[1, 2]	[0, 1, 2, 3, 4]	[0, 1]	[3, 4, 5, 6]	[0, 1]	[1, 2]	[1, 2]	[1, 2]	[1, 2]	[2]	[0]	[0, 1]	[2]	[0, 1, 2, 3, 4]	[0, 1, 2, 3, 4]	[2]	[0, 1]	[1]	[2]	[0]	[0]	[1]	[1]	[0]	[0]	[1, 2]	[2]	[0]	[1]	[1, 2]	[2]	[1, 2]	[2]	[3, 4, 5, 6]	[0]	[0]	[2]	[1, 2]	[0]	[0]	[0]	[0, 1]	[2]	[2]	[0, 1]	[2]	[0, 1]	[0, 1]	[0, 1]	[1]	[1]	[0]	[2]	[0]	[0]	[0]	[2]	[2, 3]	[1]	[2]	[0]	[1, 2]	[0]	[0]	[0, 1]	[0, 1]	[0]	[0, 1]	[5, 6]
Mek_id35	mixed-myc-low	[1, 2]	[0]	[1, 2]	[1, 2]	[0, 1, 2, 3, 4]	[0, 1]	[0, 1, 2, 3, 4, 5, 6]	[0, 1]	[0, 1, 2]	[1, 2]	[1, 2]	[1, 2]	[2]	[0]	[0, 1]	[2]	[0, 1, 2, 3, 4]	[0, 1, 2, 3, 4]	[2]	[0, 1]	[1]	[2]	[0]	[0]	[1]	[1]	[0]	[0]	[0, 1, 2]	[2]	[0]	[1]	[0, 1, 2]	[1]	[0, 1]	[2]	[0, 1, 2, 3, 4, 5, 6]	[0]	[0]	[2]	[1, 2]	[0]	[0]	[0]	[0, 1]	[2]	[2]	[1, 2]	[2]	[0, 1]	[0, 1]	[0, 1]	[1]	[1]	[0]	[2]	[0]	[0]	[0]	[2]	[1, 2, 3]	[1]	[2]	[0]	[1, 2]	[0]	[0]	[0, 1]	[0, 1]	[0]	[0, 1]	[5, 6]
Mek_id35	mixed-myc-high	[0]	[1]	[0]	[1]	[6]	[2]	[6]	[1]	[0]	[0]	[0]	[0]	[2]	[3]	[2]	[2]	[6]	[6]	[2]	[5]	[1]	[2]	[2]	[0]	[1]	[1]	[0]	[0]	[1]	[2]	[0]	[1]	[0]	[1]	[1]	[2]	[6]	[0]	[0]	[2]	[0]	[0]	[2]	[2]	[2]	[2]	[2]	[1]	[2]	[2]	[1]	[5]	[1]	[1]	[0]	[2]	[0]	[0]	[2]	[2]	[1]	[1]	[2]	[0]	[1]	[0]	[0]	[0]	[0]	[0]	[1]	[1]
Mek_id35	myc-high	[0]	[2]	[0]	[0]	[6]	[2]	[6]	[1]	[0]	[0]	[0]	[0]	[1]	[2]	[1]	[1]	[6]	[6]	[1]	[3]	[1]	[1]	[1]	[0]	[1]	[1]	[0]	[0]	[1]	[1]	[1]	[2]	[0]	[2]	[2]	[1]	[6]	[0]	[0]	[2]	[0]	[0]	[2]	[2]	[2]	[1]	[1]	[0]	[1]	[2]	[2]	[3]	[1]	[1]	[0]	[1]	[0]	[0]	[2]	[1]	[0]	[1]	[1]	[0]	[0]	[0]	[0]	[1]	[0]	[0]	[2]	[3]
Myc_id2	healthy	[2]	[0]	[1]	[1]	[0]	[1]	[2]	[0]	[0]	[1]	[1]	[1]	[1]	[0]	[1]	[1]	[0]	[0]	[1]	[1]	[1]	[1]	[0]	[1]	[1]	[1]	[1]	[1]	[0]	[1]	[1]	[1]	[0]	[0]	[0]	[1]	[2]	[0]	[0]	[2]	[2]	[1]	[0]	[0]	[0]	[1]	[1]	[2]	[1]	[0]	[0]	[1]	[1]	[1]	[1]	[1]	[0]	[0]	[0]	[1]	[1]	[1]	[1]	[1]	[2]	[0]	[1]	[0]	[0]	[1]	[0]	[5]
Myc_id2	myc-low	[1, 2]	[0]	[1, 2]	[2]	[0, 1, 2, 3, 4]	[0, 1]	[3, 4, 5, 6]	[0]	[1, 2]	[1, 2]	[1, 2]	[1, 2]	[2]	[0]	[0, 1]	[2]	[0, 1, 2, 3, 4]	[0, 1, 2, 3, 4]	[2]	[0, 1]	[1]	[2]	[0]	[1]	[1]	[1]	[1]	[1]	[1]	[2]	[0]	[0, 1]	[1, 2]	[2]	[1]	[2]	[3, 4, 5, 6]	[0]	[0]	[2]	[1, 2]	[1]	[0]	[0]	[0, 1]	[2]	[2]	[1]	[2]	[0, 1]	[0, 1]	[0, 1]	[1]	[1]	[1]	[2]	[0]	[0]	[0]	[2]	[3]	[1]	[2]	[1]	[1, 2]	[0]	[1]	[0, 1]	[0, 1]	[1]	[0, 1]	[5, 6]
Myc_id2	mixed-myc-low	[2]	[0]	[2]	[2]	[0]	[0]	[3]	[0]	[1]	[2]	[2]	[2]	[2]	[0]	[1]	[2]	[0]	[0]	[2]	[1]	[1]	[2]	[0]	[1]	[1]	[1]	[1]	[1]	[0]	[2]	[0]	[0]	[1]	[1]	[0]	[2]	[3]	[0]	[0]	[2]	[2]	[1]	[0]	[0]	[0]	[2]	[2]	[2]	[2]	[0]	[0]	[1]	[1]	[1]	[1]	[2]	[0]	[0]	[0]	[2]	[3]	[1]	[2]	[1]	[2]	[0]	[1]	[0]	[0]	[1]	[0]	[5]
Myc_id2	mixed-myc-high	[2]	[0]	[2]	[2]	[0]	[0]	[3]	[0]	[1]	[2]	[2]	[2]	[2]	[0]	[1]	[2]	[0]	[0]	[2]	[1]	[1]	[2]	[0]	[1]	[1]	[1]	[1]	[1]	[0]	[2]	[0]	[0]	[1]	[1]	[0]	[2]	[3]	[0]	[0]	[2]	[2]	[1]	[0]	[0]	[0]	[2]	[2]	[2]	[2]	[0]	[0]	[1]	[1]	[1]	[1]	[2]	[0]	[0]	[0]	[2]	[3]	[1]	[2]	[1]	[2]	[0]	[1]	[0]	[0]	[1]	[0]	[5]
Myc_id2	myc-high	[1, 2]	[0]	[0, 1]	[1, 2]	[0, 1, 2, 3, 4, 5, 6]	[1]	[2, 3, 4, 5, 6]	[0]	[0, 1, 2]	[1]	[1]	[1]	[1]	[0]	[0]	[1]	[0, 1, 2, 3, 4, 5, 6]	[0, 1, 2, 3, 4, 5, 6]	[1]	[0]	[1]	[1]	[0]	[1]	[1]	[1]	[1]	[1]	[1, 2]	[1]	[1]	[1]	[0, 1, 2]	[2]	[1, 2]	[1]	[2, 3, 4, 5, 6]	[0]	[0]	[2]	[1, 2]	[1]	[0]	[0]	[0, 1]	[1]	[1]	[0, 1]	[1]	[0, 1]	[0, 1]	[0]	[1]	[1]	[1]	[1]	[0]	[0]	[0]	[1]	[1, 2, 3]	[1]	[1]	[1]	[1, 2]	[0]	[1]	[0, 1, 2]	[0, 1, 2]	[1]	[0, 1]	[6]
Noxa_id325	healthy	[2]	[0]	[1]	[1]	[0]	[1]	[2]	[0]	[0]	[1]	[1]	[1]	[1]	[0]	[1]	[1]	[0]	[0]	[1]	[1]	[1]	[1]	[0]	[1]	[1]	[1]	[1]	[1]	[0]	[1]	[1]	[1]	[0]	[0]	[0]	[1]	[2]	[0]	[0]	[2]	[2]	[1]	[0]	[0]	[0]	[1]	[1]	[2]	[1]	[0]	[0]	[1]	[1]	[1]	[1]	[1]	[0]	[0]	[0]	[1]	[1]	[1]	[1]	[1]	[2]	[0]	[1]	[0]	[0]	[1]	[0]	[5]
Noxa_id325	myc-low	[2]	[0]	[1]	[2]	[3]	[1]	[5]	[0]	[1]	[1]	[1]	[1]	[2]	[2]	[2]	[2]	[3]	[3]	[2]	[4]	[1]	[2]	[0]	[1]	[1]	[1]	[1]	[1]	[0]	[2]	[0]	[1]	[1]	[2]	[1]	[2]	[5]	[0]	[0]	[2]	[2]	[1]	[1]	[1]	[0]	[2]	[2]	[1]	[2]	[1]	[0]	[4]	[1]	[1]	[1]	[2]	[0]	[0]	[1]	[2]	[3]	[1]	[2]	[1]	[2]	[0]	[0]	[0]	[0]	[1]	[0]	[2]
Noxa_id325	mixed-myc-low	[2]	[0]	[1]	[1, 2]	[0, 1, 2, 3]	[1]	[2, 3, 4, 5]	[0]	[0, 1]	[1]	[1]	[1]	[2]	[2]	[2]	[2]	[0, 1, 2, 3]	[0, 1, 2, 3]	[2]	[4]	[1]	[2]	[0]	[1]	[1]	[1]	[1]	[1]	[0]	[2]	[0]	[1]	[0, 1]	[1]	[0, 1]	[2]	[2, 3, 4, 5]	[0]	[0]	[2]	[2]	[1]	[1]	[1]	[0]	[2]	[2]	[1, 2]	[2]	[1]	[0]	[4]	[1]	[1]	[1]	[2]	[0]	[0]	[1]	[2]	[1, 2, 3]	[1]	[2]	[1]	[2]	[0]	[0]	[0]	[0]	[1]	[0]	[2]
Noxa_id325	mixed-myc-high	[1]	[1]	[0]	[1]	[3]	[1]	[3]	[0]	[0]	[1]	[1]	[1]	[2]	[3]	[2]	[2]	[3]	[3]	[2]	[5]	[1]	[2]	[2]	[1]	[1]	[1]	[1]	[1]	[1]	[2]	[0]	[1]	[0]	[1]	[1]	[2]	[3]	[0]	[0]	[2]	[1]	[1]	[2]	[2]	[0]	[2]	[2]	[1]	[2]	[2]	[1]	[5]	[1]	[1]	[1]	[2]	[0]	[0]	[2]	[2]	[1]	[1]	[2]	[1]	[1]	[0]	[0]	[0]	[0]	[1]	[1]	[1]
Noxa_id325	myc-high	[1]	[2]	[0]	[1]	[3]	[1]	[3]	[0]	[0]	[1]	[1]	[1]	[1]	[3]	[1]	[1]	[3]	[3]	[1]	[4]	[1]	[1]	[1]	[1]	[1]	[1]	[1]	[1]	[1]	[1]	[1]	[1]	[0]	[2]	[2]	[1]	[3]	[0]	[0]	[2]	[1]	[1]	[2]	[2]	[0]	[1]	[1]	[0]	[1]	[2]	[2]	[4]	[1]	[1]	[1]	[1]	[0]	[0]	[2]	[1]	[1]	[1]	[1]	[1]	[0]	[0]	[0]	[1]	[0]	[1]	[2]	[2]
PEA3_id563	healthy	[2]	[0]	[1]	[0]	[0]	[1]	[2]	[0]	[0]	[1]	[1]	[1]	[1]	[0]	[1]	[0]	[0]	[0]	[1]	[1]	[1]	[0]	[0]	[1]	[1]	[1]	[1]	[1]	[0]	[1]	[1]	[1]	[0]	[0]	[0]	[1]	[2]	[0]	[0]	[2]	[2]	[1]	[0]	[0]	[0]	[0]	[0]	[2]	[1]	[0]	[0]	[1]	[1]	[1]	[1]	[1]	[0]	[0]	[0]	[1]	[0]	[1]	[1]	[1]	[2]	[0]	[1]	[0]	[0]	[1]	[0]	[5]
PEA3_id563	myc-low	[1, 2]	[0]	[0, 1]	[0, 1, 2]	[0, 1, 2, 3, 4, 5, 6]	[1]	[2, 3, 4, 5, 6]	[0, 1]	[0, 1, 2]	[1]	[1]	[1]	[2]	[0, 1, 2]	[0, 1, 2]	[0]	[0, 1, 2, 3, 4, 5, 6]	[0, 1, 2, 3, 4, 5, 6]	[2]	[0, 1, 2, 3, 4]	[1]	[0]	[0, 1]	[1]	[1]	[1]	[1]	[1]	[0, 1, 2]	[2]	[0]	[1]	[0, 1, 2]	[2]	[1, 2]	[2]	[2, 3, 4, 5, 6]	[0]	[0]	[2]	[1, 2]	[1]	[0, 1]	[0, 1]	[0, 1]	[0]	[0]	[0, 1]	[1]	[0, 1]	[0, 1]	[0, 1, 2, 3, 4]	[1]	[1]	[1]	[2]	[0]	[0]	[0, 1]	[2]	[0, 1, 2, 3]	[1]	[2]	[1]	[1, 2]	[0]	[0, 1]	[0, 1, 2]	[0, 1]	[1]	[0, 1]	[2, 3, 4, 5, 6]
PEA3_id563	mixed-myc-low	[1, 2]	[0]	[0, 1]	[0, 1]	[0, 1, 2, 3, 4, 5, 6]	[1]	[2, 3, 4, 5, 6]	[0, 1]	[0, 1]	[1]	[1]	[1]	[2]	[0, 1, 2]	[1, 2]	[0]	[0, 1, 2, 3, 4, 5, 6]	[0, 1, 2, 3, 4, 5, 6]	[2]	[1, 2, 3, 4]	[1]	[0]	[0, 1]	[1]	[1]	[1]	[1]	[1]	[0, 1]	[2]	[0]	[1]	[0, 1]	[1]	[1]	[2]	[2, 3, 4, 5, 6]	[0]	[0]	[2]	[1, 2]	[1]	[0, 1]	[0, 1]	[0, 1]	[0]	[0]	[1]	[1]	[0, 1]	[0]	[1, 2, 3, 4]	[1]	[1]	[1]	[2]	[0]	[0]	[0, 1]	[2]	[0, 1, 2]	[1]	[2]	[1]	[2]	[0]	[0, 1]	[0, 1]	[0]	[1]	[0]	[2, 3, 4, 5]
PEA3_id563	mixed-myc-high	[1]	[1]	[0]	[0]	[3]	[1]	[3]	[0]	[0]	[1]	[1]	[1]	[2]	[3]	[2]	[0]	[3]	[3]	[2]	[5]	[1]	[0]	[2]	[1]	[1]	[1]	[1]	[1]	[1]	[2]	[0]	[1]	[0]	[1]	[1]	[2]	[3]	[0]	[0]	[2]	[1]	[1]	[2]	[2]	[2]	[0]	[0]	[1]	[1]	[2]	[1]	[5]	[1]	[1]	[1]	[2]	[0]	[0]	[2]	[2]	[0]	[1]	[2]	[1]	[1]	[0]	[0]	[0]	[0]	[1]	[1]	[1]
PEA3_id563	myc-high	[0]	[2]	[0]	[0]	[5]	[1]	[5]	[0]	[0]	[1]	[1]	[1]	[1]	[3]	[1]	[0]	[5]	[5]	[1]	[4]	[1]	[0]	[1]	[1]	[1]	[1]	[1]	[1]	[1]	[1]	[1]	[1]	[0]	[2]	[2]	[1]	[5]	[0]	[0]	[2]	[0]	[1]	[2]	[2]	[2]	[0]	[0]	[0]	[1]	[2]	[2]	[4]	[1]	[1]	[1]	[1]	[0]	[0]	[2]	[1]	[0]	[1]	[1]	[1]	[0]	[0]	[0]	[1]	[0]	[1]	[2]	[2]
PHD2_id557	healthy	[1, 2]	[0]	[0, 1]	[1, 2]	[3, 4, 5, 6]	[1]	[5, 6]	[0]	[1, 2]	[1]	[1]	[1]	[1]	[0]	[0, 1]	[1]	[3, 4, 5, 6]	[3, 4, 5, 6]	[1]	[0, 1]	[1]	[1]	[0]	[1]	[1]	[1]	[1]	[1]	[0, 1]	[1]	[1]	[1]	[1, 2]	[0]	[0]	[1]	[5, 6]	[0]	[0]	[2]	[1, 2]	[1]	[0]	[0]	[0, 1]	[1]	[1]	[0]	[1]	[0, 1]	[0, 1]	[0, 1]	[1]	[1]	[1]	[1]	[0]	[0]	[0]	[1]	[2, 3]	[1]	[1]	[1]	[1, 2]	[0]	[1]	[0, 1]	[0, 1]	[1]	[0, 1]	[5, 6]
PHD2_id557	myc-low	[1]	[0]	[1]	[2]	[4]	[1]	[6]	[0]	[2]	[1]	[1]	[1]	[2]	[2]	[2]	[2]	[4]	[4]	[2]	[4]	[1]	[2]	[0]	[1]	[1]	[1]	[1]	[1]	[0]	[2]	[0]	[1]	[2]	[2]	[1]	[2]	[6]	[0]	[0]	[2]	[1]	[1]	[1]	[1]	[1]	[2]	[2]	[0]	[2]	[1]	[1]	[4]	[1]	[1]	[1]	[2]	[0]	[0]	[1]	[2]	[3]	[1]	[2]	[1]	[1]	[0]	[0]	[0]	[0]	[1]	[1]	[2]
PHD2_id557	mixed-myc-low	[1]	[0]	[1]	[2]	[4]	[1]	[6]	[0]	[2]	[1]	[1]	[1]	[2]	[2]	[2]	[2]	[4]	[4]	[2]	[4]	[1]	[2]	[0]	[1]	[1]	[1]	[1]	[1]	[0]	[2]	[0]	[1]	[2]	[1]	[0]	[2]	[6]	[0]	[0]	[2]	[1]	[1]	[1]	[1]	[1]	[2]	[2]	[0]	[2]	[1]	[1]	[4]	[1]	[1]	[1]	[2]	[0]	[0]	[1]	[2]	[3]	[1]	[2]	[1]	[1]	[0]	[0]	[0]	[0]	[1]	[1]	[2]
PHD2_id557	mixed-myc-high	[1]	[1]	[0]	[2]	[6]	[1]	[6]	[0]	[1]	[1]	[1]	[1]	[2]	[3]	[2]	[2]	[6]	[6]	[2]	[5]	[1]	[2]	[2]	[1]	[1]	[1]	[1]	[1]	[1]	[2]	[0]	[1]	[1]	[1]	[0]	[2]	[6]	[0]	[0]	[2]	[1]	[1]	[2]	[2]	[2]	[2]	[2]	[0]	[2]	[2]	[1]	[5]	[1]	[1]	[1]	[2]	[0]	[0]	[2]	[2]	[3]	[1]	[2]	[1]	[1]	[0]	[0]	[1]	[0]	[1]	[1]	[1]
PHD2_id557	myc-high	[0]	[2]	[0]	[1]	[5]	[1]	[5]	[0]	[0]	[1]	[1]	[1]	[1]	[3]	[1]	[1]	[5]	[5]	[1]	[4]	[1]	[1]	[1]	[1]	[1]	[1]	[1]	[1]	[1]	[1]	[1]	[1]	[0]	[2]	[2]	[1]	[5]	[0]	[0]	[2]	[0]	[1]	[2]	[2]	[2]	[1]	[1]	[0]	[1]	[2]	[2]	[4]	[1]	[1]	[1]	[1]	[0]	[0]	[2]	[1]	[1]	[1]	[1]	[1]	[0]	[0]	[0]	[1]	[0]	[1]	[2]	[2]
PI3K_id33	healthy	[2]	[0]	[0]	[1]	[2]	[1]	[2]	[0]	[0]	[1]	[1]	[1]	[1]	[0]	[0]	[1]	[2]	[2]	[1]	[0]	[1]	[1]	[0]	[1]	[1]	[1]	[1]	[1]	[1]	[1]	[1]	[1]	[0]	[0]	[0]	[1]	[2]	[0]	[0]	[2]	[2]	[1]	[0]	[0]	[0]	[1]	[1]	[2]	[0]	[0]	[0]	[0]	[1]	[1]	[1]	[1]	[0]	[0]	[0]	[1]	[1]	[1]	[1]	[1]	[2]	[0]	[1]	[1]	[0]	[1]	[0]	[6]
PI3K_id33	myc-low	[1, 2]	[0]	[0]	[1, 2]	[2, 3, 4, 5, 6]	[1]	[2, 3, 4, 5, 6]	[0, 1]	[0, 1]	[1]	[1]	[1]	[2]	[0, 1, 2]	[1, 2]	[2]	[2, 3, 4, 5, 6]	[2, 3, 4, 5, 6]	[2]	[1, 2, 3, 4]	[1]	[2]	[0, 1]	[1]	[1]	[1]	[1]	[1]	[1]	[2]	[0]	[1]	[0, 1]	[2]	[1, 2]	[2]	[2, 3, 4, 5, 6]	[0]	[0]	[2]	[1, 2]	[1]	[0, 1]	[0, 1]	[0, 1]	[2]	[2]	[0, 1]	[0]	[0, 1]	[0]	[1, 2, 3, 4]	[1]	[1]	[1]	[2]	[0]	[0]	[0, 1]	[2]	[1, 2, 3]	[1]	[2]	[1]	[2]	[0]	[0, 1]	[0, 1]	[0]	[1]	[0]	[2, 3, 4, 5]
PI3K_id33	mixed-myc-low	[1, 2]	[0]	[0]	[1]	[2, 3]	[1]	[2, 3]	[0, 1]	[0]	[1]	[1]	[1]	[2]	[0, 1, 2]	[1, 2]	[2]	[2, 3]	[2, 3]	[2]	[1, 2, 3, 4]	[1]	[2]	[0, 1]	[1]	[1]	[1]	[1]	[1]	[1]	[2]	[0]	[1]	[0]	[1]	[1]	[2]	[2, 3]	[0]	[0]	[2]	[1, 2]	[1]	[0, 1]	[0, 1]	[0, 1]	[2]	[2]	[1]	[0]	[0, 1]	[0]	[1, 2, 3, 4]	[1]	[1]	[1]	[2]	[0]	[0]	[0, 1]	[2]	[1]	[1]	[2]	[1]	[2]	[0]	[0, 1]	[0, 1]	[0]	[1]	[0]	[2, 3, 4, 5]
PI3K_id33	mixed-myc-high	[1]	[1]	[0]	[1]	[3]	[1]	[3]	[0]	[0]	[1]	[1]	[1]	[2]	[3]	[2]	[2]	[3]	[3]	[2]	[5]	[1]	[2]	[2]	[1]	[1]	[1]	[1]	[1]	[1]	[2]	[0]	[1]	[0]	[1]	[1]	[2]	[3]	[0]	[0]	[2]	[1]	[1]	[2]	[2]	[2]	[2]	[2]	[1]	[0]	[2]	[1]	[5]	[1]	[1]	[1]	[2]	[0]	[0]	[2]	[2]	[1]	[1]	[2]	[1]	[1]	[0]	[0]	[0]	[0]	[1]	[1]	[1]
PI3K_id33	myc-high	[0]	[2]	[0]	[1]	[5]	[1]	[5]	[0]	[0]	[1]	[1]	[1]	[1]	[3]	[1]	[1]	[5]	[5]	[1]	[4]	[1]	[1]	[1]	[1]	[1]	[1]	[1]	[1]	[1]	[1]	[1]	[1]	[0]	[2]	[2]	[1]	[5]	[0]	[0]	[2]	[0]	[1]	[2]	[2]	[2]	[1]	[1]	[0]	[0]	[2]	[2]	[4]	[1]	[1]	[1]	[1]	[0]	[0]	[2]	[1]	[1]	[1]	[1]	[1]	[0]	[0]	[0]	[1]	[0]	[1]	[2]	[2]
PTEN_id531	healthy	[2]	[0]	[1]	[1]	[0]	[1]	[2]	[0]	[0]	[1]	[1]	[1]	[1]	[0]	[1]	[1]	[0]	[0]	[1]	[1]	[1]	[1]	[0]	[1]	[1]	[1]	[1]	[1]	[0]	[1]	[1]	[1]	[0]	[0]	[0]	[1]	[2]	[0]	[0]	[2]	[2]	[1]	[0]	[0]	[0]	[1]	[1]	[2]	[1]	[0]	[0]	[1]	[1]	[1]	[1]	[1]	[0]	[0]	[0]	[1]	[1]	[1]	[1]	[1]	[2]	[0]	[1]	[0]	[0]	[1]	[0]	[5]
PTEN_id531	myc-low	[1]	[0]	[2]	[2]	[2]	[0]	[6]	[0]	[2]	[1]	[1]	[1]	[2]	[2]	[2]	[2]	[2]	[2]	[2]	[4]	[1]	[2]	[0]	[1]	[1]	[1]	[1]	[1]	[0]	[2]	[0]	[0]	[2]	[2]	[1]	[2]	[6]	[0]	[0]	[2]	[1]	[1]	[1]	[1]	[1]	[2]	[2]	[1]	[2]	[0]	[1]	[4]	[1]	[1]	[1]	[2]	[0]	[0]	[1]	[2]	[3]	[1]	[2]	[1]	[1]	[0]	[0]	[0]	[0]	[1]	[1]	[2]
PTEN_id531	mixed-myc-low	[1]	[0]	[2]	[2]	[1]	[0]	[5]	[0]	[1]	[2]	[2]	[2]	[2]	[2]	[2]	[2]	[1]	[1]	[2]	[4]	[1]	[2]	[0]	[1]	[1]	[1]	[1]	[1]	[0]	[2]	[0]	[0]	[1]	[1]	[0]	[2]	[5]	[0]	[0]	[2]	[1]	[1]	[1]	[1]	[1]	[2]	[2]	[2]	[2]	[0]	[0]	[4]	[1]	[1]	[1]	[2]	[0]	[0]	[1]	[2]	[3]	[1]	[2]	[1]	[2]	[0]	[0]	[0]	[0]	[1]	[0]	[2]
PTEN_id531	mixed-myc-high	[0]	[1]	[2]	[2]	[2]	[0]	[6]	[1]	[1]	[1]	[1]	[1]	[2]	[3]	[3]	[2]	[2]	[2]	[2]	[6]	[1]	[2]	[0]	[1]	[1]	[1]	[1]	[1]	[0]	[2]	[0]	[0]	[1]	[1]	[0]	[2]	[6]	[0]	[0]	[2]	[0]	[1]	[2]	[2]	[2]	[2]	[2]	[2]	[2]	[0]	[1]	[6]	[1]	[1]	[1]	[2]	[0]	[0]	[2]	[2]	[3]	[1]	[2]	[1]	[1]	[0]	[0]	[0]	[0]	[1]	[1]	[0]
PTEN_id531	myc-high	[0]	[2]	[1]	[1]	[4]	[1]	[6]	[1]	[0]	[0]	[0]	[0]	[1]	[3]	[2]	[1]	[4]	[4]	[1]	[5]	[1]	[1]	[1]	[1]	[1]	[1]	[1]	[1]	[1]	[1]	[1]	[1]	[0]	[2]	[2]	[1]	[6]	[0]	[0]	[2]	[0]	[1]	[2]	[2]	[2]	[1]	[1]	[0]	[1]	[0]	[2]	[5]	[1]	[1]	[1]	[1]	[0]	[0]	[2]	[1]	[1]	[1]	[1]	[1]	[0]	[0]	[0]	[0]	[0]	[1]	[2]	[1]
Raf_1_id34	healthy	[2]	[0]	[1]	[0]	[0]	[1]	[2]	[0]	[0]	[1]	[1]	[1]	[1]	[0]	[0]	[1]	[0]	[0]	[1]	[0]	[1]	[1]	[0]	[0]	[1]	[1]	[0]	[0]	[1]	[1]	[1]	[1]	[0]	[0]	[0]	[1]	[2]	[0]	[0]	[2]	[2]	[0]	[0]	[0]	[0]	[1]	[1]	[2]	[1]	[0]	[0]	[0]	[0]	[1]	[0]	[1]	[0]	[0]	[0]	[1]	[0]	[1]	[1]	[0]	[2]	[0]	[0]	[0]	[0]	[0]	[0]	[6]
Raf_1_id34	myc-low	[1, 2]	[0]	[1, 2]	[1, 2]	[0, 1, 2, 3, 4]	[0, 1]	[3, 4, 5, 6]	[0, 1]	[1, 2]	[1, 2]	[1, 2]	[1, 2]	[2]	[0]	[0, 1]	[2]	[0, 1, 2, 3, 4]	[0, 1, 2, 3, 4]	[2]	[0, 1]	[1]	[2]	[0]	[0]	[1]	[1]	[0]	[0]	[1, 2]	[2]	[0]	[1]	[1, 2]	[2]	[1, 2]	[2]	[3, 4, 5, 6]	[0]	[0]	[2]	[1, 2]	[0]	[0]	[0]	[0, 1]	[2]	[2]	[0, 1]	[2]	[0, 1]	[0, 1]	[0, 1]	[0]	[1]	[0]	[2]	[0]	[0]	[0]	[2]	[2, 3]	[1]	[2]	[0]	[1, 2]	[0]	[0]	[0, 1]	[0, 1]	[0]	[0, 1]	[5, 6]
Raf_1_id34	mixed-myc-low	[1, 2]	[0]	[1, 2]	[1, 2]	[0, 1, 2, 3, 4]	[0, 1]	[0, 1, 2, 3, 4, 5, 6]	[0, 1]	[0, 1, 2]	[1, 2]	[1, 2]	[1, 2]	[2]	[0]	[0, 1]	[2]	[0, 1, 2, 3, 4]	[0, 1, 2, 3, 4]	[2]	[0, 1]	[1]	[2]	[0]	[0]	[1]	[1]	[0]	[0]	[0, 1, 2]	[2]	[0]	[1]	[0, 1, 2]	[1]	[0, 1]	[2]	[0, 1, 2, 3, 4, 5, 6]	[0]	[0]	[2]	[1, 2]	[0]	[0]	[0]	[0, 1]	[2]	[2]	[1, 2]	[2]	[0, 1]	[0, 1]	[0, 1]	[0]	[1]	[0]	[2]	[0]	[0]	[0]	[2]	[1, 2, 3]	[1]	[2]	[0]	[1, 2]	[0]	[0]	[0, 1]	[0, 1]	[0]	[0, 1]	[5, 6]
Raf_1_id34	mixed-myc-high	[0]	[1]	[0]	[1]	[6]	[2]	[6]	[1]	[0]	[0]	[0]	[0]	[2]	[3]	[2]	[2]	[6]	[6]	[2]	[5]	[1]	[2]	[2]	[0]	[1]	[1]	[0]	[0]	[1]	[2]	[0]	[1]	[0]	[1]	[1]	[2]	[6]	[0]	[0]	[2]	[0]	[0]	[2]	[2]	[2]	[2]	[2]	[1]	[2]	[2]	[1]	[5]	[0]	[1]	[0]	[2]	[0]	[0]	[2]	[2]	[1]	[1]	[2]	[0]	[1]	[0]	[0]	[0]	[0]	[0]	[1]	[1]
Raf_1_id34	myc-high	[0]	[2]	[0]	[0]	[6]	[2]	[6]	[1]	[0]	[0]	[0]	[0]	[1]	[2]	[1]	[1]	[6]	[6]	[1]	[3]	[1]	[1]	[1]	[0]	[1]	[1]	[0]	[0]	[1]	[1]	[1]	[2]	[0]	[2]	[2]	[1]	[6]	[0]	[0]	[2]	[0]	[0]	[2]	[2]	[2]	[1]	[1]	[0]	[1]	[2]	[2]	[3]	[0]	[1]	[0]	[1]	[0]	[0]	[2]	[1]	[0]	[1]	[1]	[0]	[0]	[0]	[0]	[1]	[0]	[0]	[2]	[3]
Ras_id32	healthy	[2]	[0]	[1]	[0]	[0]	[1]	[2]	[0]	[0]	[1]	[1]	[1]	[1]	[0]	[0]	[1]	[0]	[0]	[1]	[0]	[1]	[1]	[0]	[0]	[1]	[1]	[0]	[0]	[1]	[1]	[1]	[1]	[0]	[0]	[0]	[1]	[2]	[0]	[0]	[2]	[2]	[0]	[0]	[0]	[0]	[1]	[1]	[2]	[1]	[0]	[0]	[0]	[0]	[0]	[0]	[1]	[0]	[0]	[0]	[1]	[0]	[1]	[1]	[0]	[2]	[0]	[0]	[0]	[0]	[0]	[0]	[6]
Ras_id32	myc-low	[1, 2]	[0]	[0, 1]	[1, 2]	[0, 1, 2, 3, 4, 5, 6]	[1, 2]	[2, 3, 4, 5, 6]	[0, 1]	[0, 1, 2]	[0, 1]	[0, 1]	[0, 1]	[2]	[0]	[0, 1]	[2]	[0, 1, 2, 3, 4, 5, 6]	[0, 1, 2, 3, 4, 5, 6]	[2]	[0, 1]	[1]	[2]	[0]	[0]	[1]	[1]	[0]	[0]	[1, 2]	[2]	[0]	[1]	[0, 1, 2]	[2]	[1, 2]	[2]	[2, 3, 4, 5, 6]	[0]	[0]	[2]	[1, 2]	[0]	[0]	[0]	[0, 1]	[2]	[2]	[0, 1]	[1]	[0, 1]	[0, 1]	[0, 1]	[0]	[0]	[0]	[2]	[0]	[0]	[0]	[2]	[1, 2, 3]	[1]	[2]	[0]	[1, 2]	[0]	[0]	[0, 1, 2]	[0, 1]	[0]	[0, 1]	[5, 6]
Ras_id32	mixed-myc-low	[1]	[0]	[1]	[1]	[4]	[1]	[6]	[1]	[1]	[1]	[1]	[1]	[2]	[0]	[0]	[2]	[4]	[4]	[2]	[0]	[1]	[2]	[0]	[0]	[1]	[1]	[0]	[0]	[2]	[2]	[0]	[1]	[1]	[1]	[1]	[2]	[6]	[0]	[0]	[2]	[1]	[0]	[0]	[0]	[0]	[2]	[2]	[1]	[1]	[0]	[0]	[0]	[0]	[0]	[0]	[2]	[0]	[0]	[0]	[2]	[2]	[1]	[2]	[0]	[2]	[0]	[0]	[1]	[1]	[0]	[0]	[6]
Ras_id32	mixed-myc-high	[0]	[1]	[0]	[1]	[6]	[2]	[6]	[1]	[0]	[0]	[0]	[0]	[2]	[3]	[2]	[2]	[6]	[6]	[2]	[5]	[1]	[2]	[2]	[0]	[1]	[1]	[0]	[0]	[1]	[2]	[0]	[1]	[0]	[1]	[1]	[2]	[6]	[0]	[0]	[2]	[0]	[0]	[2]	[2]	[2]	[2]	[2]	[1]	[1]	[2]	[1]	[5]	[0]	[0]	[0]	[2]	[0]	[0]	[2]	[2]	[1]	[1]	[2]	[0]	[1]	[0]	[0]	[0]	[0]	[0]	[1]	[1]
Ras_id32	myc-high	[0]	[2]	[0]	[0]	[6]	[2]	[6]	[1]	[0]	[0]	[0]	[0]	[1]	[2]	[1]	[1]	[6]	[6]	[1]	[3]	[1]	[1]	[1]	[0]	[1]	[1]	[0]	[0]	[1]	[1]	[1]	[2]	[0]	[2]	[2]	[1]	[6]	[0]	[0]	[2]	[0]	[0]	[2]	[2]	[2]	[1]	[1]	[0]	[1]	[2]	[2]	[3]	[0]	[0]	[0]	[1]	[0]	[0]	[2]	[1]	[0]	[1]	[1]	[0]	[0]	[0]	[0]	[1]	[0]	[0]	[2]	[3]
Rsk_id53	healthy	[2]	[0]	[1]	[1]	[0]	[1]	[2]	[0]	[0]	[1]	[1]	[1]	[1]	[0]	[1]	[1]	[0]	[0]	[1]	[1]	[1]	[1]	[0]	[1]	[1]	[1]	[1]	[1]	[0]	[1]	[1]	[1]	[0]	[0]	[0]	[1]	[2]	[0]	[0]	[2]	[2]	[1]	[0]	[0]	[0]	[1]	[1]	[2]	[1]	[0]	[0]	[1]	[1]	[1]	[0]	[1]	[0]	[0]	[0]	[1]	[1]	[1]	[1]	[1]	[2]	[0]	[1]	[0]	[0]	[1]	[0]	[5]
Rsk_id53	myc-low	[1]	[0]	[1]	[2]	[4]	[1]	[6]	[0]	[1]	[1]	[1]	[1]	[2]	[2]	[2]	[2]	[4]	[4]	[2]	[4]	[1]	[2]	[0]	[1]	[1]	[1]	[1]	[1]	[0]	[2]	[0]	[1]	[1]	[2]	[1]	[2]	[6]	[0]	[0]	[2]	[1]	[1]	[1]	[1]	[1]	[2]	[2]	[1]	[2]	[1]	[0]	[4]	[1]	[1]	[0]	[2]	[0]	[0]	[1]	[2]	[3]	[1]	[2]	[1]	[2]	[0]	[0]	[0]	[0]	[1]	[0]	[2]
Rsk_id53	mixed-myc-low	[1]	[0]	[1]	[1, 2]	[1, 2, 3, 4]	[1]	[3, 4, 5, 6]	[0]	[0, 1]	[1]	[1]	[1]	[2]	[2]	[2]	[2]	[1, 2, 3, 4]	[1, 2, 3, 4]	[2]	[4]	[1]	[2]	[0]	[1]	[1]	[1]	[1]	[1]	[0]	[2]	[0]	[1]	[0, 1]	[1]	[0, 1]	[2]	[3, 4, 5, 6]	[0]	[0]	[2]	[1]	[1]	[1]	[1]	[1]	[2]	[2]	[1, 2]	[2]	[1]	[0]	[4]	[1]	[1]	[0]	[2]	[0]	[0]	[1]	[2]	[1, 2, 3]	[1]	[2]	[1]	[2]	[0]	[0]	[0]	[0]	[1]	[0]	[2]
Rsk_id53	mixed-myc-high	[1]	[1]	[0]	[1]	[3]	[2]	[3]	[0]	[0]	[1]	[1]	[1]	[2]	[3]	[2]	[2]	[3]	[3]	[2]	[5]	[1]	[2]	[2]	[1]	[1]	[1]	[1]	[1]	[1]	[2]	[0]	[1]	[0]	[1]	[1]	[2]	[3]	[0]	[0]	[2]	[1]	[1]	[2]	[2]	[2]	[2]	[2]	[1]	[2]	[2]	[1]	[5]	[1]	[1]	[0]	[2]	[0]	[0]	[2]	[2]	[1]	[1]	[2]	[1]	[1]	[0]	[0]	[0]	[0]	[1]	[1]	[1]
Rsk_id53	myc-high	[0]	[2]	[0]	[1]	[6]	[2]	[6]	[0]	[0]	[0]	[0]	[0]	[1]	[2]	[1]	[1]	[6]	[6]	[1]	[3]	[1]	[1]	[1]	[1]	[1]	[1]	[1]	[1]	[1]	[1]	[1]	[2]	[0]	[2]	[2]	[1]	[6]	[0]	[0]	[2]	[0]	[1]	[2]	[2]	[2]	[1]	[1]	[0]	[1]	[2]	[2]	[3]	[1]	[1]	[0]	[1]	[0]	[0]	[2]	[1]	[1]	[1]	[1]	[1]	[0]	[0]	[0]	[1]	[0]	[1]	[2]	[3]
TGFBeta_id9	healthy	[2]	[0]	[1]	[1]	[0]	[1]	[2]	[0]	[0]	[1]	[1]	[1]	[1]	[0]	[1]	[1]	[0]	[0]	[1]	[1]	[1]	[1]	[0]	[1]	[1]	[1]	[1]	[1]	[0]	[1]	[1]	[1]	[0]	[0]	[0]	[1]	[2]	[0]	[0]	[2]	[2]	[1]	[0]	[0]	[0]	[1]	[1]	[2]	[1]	[0]	[0]	[1]	[1]	[1]	[1]	[1]	[0]	[0]	[0]	[1]	[1]	[1]	[1]	[1]	[2]	[0]	[1]	[0]	[0]	[1]	[0]	[5]
TGFBeta_id9	myc-low	[1]	[0]	[1]	[2]	[4]	[1]	[6]	[0]	[1]	[1]	[1]	[1]	[2]	[2]	[2]	[2]	[4]	[4]	[2]	[4]	[1]	[2]	[0]	[1]	[1]	[1]	[1]	[1]	[0]	[2]	[0]	[1]	[1]	[2]	[1]	[2]	[6]	[0]	[0]	[2]	[1]	[1]	[1]	[1]	[1]	[2]	[2]	[1]	[2]	[1]	[0]	[4]	[1]	[1]	[1]	[2]	[0]	[0]	[1]	[2]	[3]	[1]	[2]	[1]	[2]	[0]	[0]	[0]	[0]	[1]	[0]	[2]
TGFBeta_id9	mixed-myc-low	[1]	[0]	[1]	[1, 2]	[1, 2, 3, 4]	[1]	[3, 4, 5, 6]	[0]	[0, 1]	[1]	[1]	[1]	[2]	[2]	[2]	[2]	[1, 2, 3, 4]	[1, 2, 3, 4]	[2]	[4]	[1]	[2]	[0]	[1]	[1]	[1]	[1]	[1]	[0]	[2]	[0]	[1]	[0, 1]	[1]	[0, 1]	[2]	[3, 4, 5, 6]	[0]	[0]	[2]	[1]	[1]	[1]	[1]	[1]	[2]	[2]	[1, 2]	[2]	[1]	[0]	[4]	[1]	[1]	[1]	[2]	[0]	[0]	[1]	[2]	[1, 2, 3]	[1]	[2]	[1]	[2]	[0]	[0]	[0]	[0]	[1]	[0]	[2]
TGFBeta_id9	mixed-myc-high	[1]	[1]	[0]	[1]	[3]	[1]	[3]	[0]	[0]	[1]	[1]	[1]	[2]	[3]	[2]	[2]	[3]	[3]	[2]	[5]	[1]	[2]	[2]	[1]	[1]	[1]	[1]	[1]	[1]	[2]	[0]	[1]	[0]	[1]	[1]	[2]	[3]	[0]	[0]	[2]	[1]	[1]	[2]	[2]	[2]	[2]	[2]	[1]	[2]	[2]	[1]	[5]	[1]	[1]	[1]	[2]	[0]	[0]	[2]	[2]	[1]	[1]	[2]	[1]	[1]	[0]	[0]	[0]	[0]	[1]	[1]	[1]
TGFBeta_id9	myc-high	[0]	[2]	[0]	[1]	[5]	[1]	[5]	[0]	[0]	[1]	[1]	[1]	[1]	[3]	[1]	[1]	[5]	[5]	[1]	[4]	[1]	[1]	[1]	[1]	[1]	[1]	[1]	[1]	[1]	[1]	[1]	[1]	[0]	[2]	[2]	[1]	[5]	[0]	[0]	[2]	[0]	[1]	[2]	[2]	[2]	[1]	[1]	[0]	[1]	[2]	[2]	[4]	[1]	[1]	[1]	[1]	[0]	[0]	[2]	[1]	[1]	[1]	[1]	[1]	[0]	[0]	[0]	[1]	[0]	[1]	[2]	[2]
TGFR_id8	healthy	[2]	[0]	[1]	[1]	[0]	[1]	[2]	[0]	[0]	[1]	[1]	[1]	[1]	[0]	[1]	[1]	[0]	[0]	[1]	[1]	[1]	[1]	[0]	[1]	[1]	[1]	[1]	[1]	[0]	[1]	[1]	[1]	[0]	[0]	[0]	[1]	[2]	[0]	[0]	[2]	[2]	[1]	[0]	[0]	[0]	[1]	[1]	[2]	[1]	[0]	[0]	[1]	[1]	[1]	[1]	[1]	[0]	[0]	[0]	[1]	[1]	[1]	[1]	[1]	[2]	[0]	[1]	[0]	[0]	[1]	[0]	[5]
TGFR_id8	myc-low	[1]	[0]	[1]	[2]	[4]	[1]	[6]	[0]	[1]	[1]	[1]	[1]	[2]	[2]	[2]	[2]	[4]	[4]	[2]	[4]	[1]	[2]	[0]	[1]	[1]	[1]	[1]	[1]	[0]	[2]	[0]	[1]	[1]	[2]	[1]	[2]	[6]	[0]	[0]	[2]	[1]	[1]	[1]	[1]	[1]	[2]	[2]	[1]	[2]	[1]	[0]	[4]	[1]	[1]	[1]	[2]	[0]	[0]	[1]	[2]	[3]	[1]	[2]	[1]	[2]	[0]	[0]	[0]	[0]	[1]	[0]	[2]
TGFR_id8	mixed-myc-low	[1]	[0]	[1]	[1, 2]	[1, 2, 3, 4]	[1]	[3, 4, 5, 6]	[0]	[0, 1]	[1]	[1]	[1]	[2]	[2]	[2]	[2]	[1, 2, 3, 4]	[1, 2, 3, 4]	[2]	[4]	[1]	[2]	[0]	[1]	[1]	[1]	[1]	[1]	[0]	[2]	[0]	[1]	[0, 1]	[1]	[0, 1]	[2]	[3, 4, 5, 6]	[0]	[0]	[2]	[1]	[1]	[1]	[1]	[1]	[2]	[2]	[1, 2]	[2]	[1]	[0]	[4]	[1]	[1]	[1]	[2]	[0]	[0]	[1]	[2]	[1, 2, 3]	[1]	[2]	[1]	[2]	[0]	[0]	[0]	[0]	[1]	[0]	[2]
TGFR_id8	mixed-myc-high	[1]	[1]	[0]	[1]	[3]	[1]	[3]	[0]	[0]	[1]	[1]	[1]	[2]	[3]	[2]	[2]	[3]	[3]	[2]	[5]	[1]	[2]	[2]	[1]	[1]	[1]	[1]	[1]	[1]	[2]	[0]	[1]	[0]	[1]	[1]	[2]	[3]	[0]	[0]	[2]	[1]	[1]	[2]	[2]	[2]	[2]	[2]	[1]	[2]	[2]	[1]	[5]	[1]	[1]	[1]	[2]	[0]	[0]	[2]	[2]	[1]	[1]	[2]	[1]	[1]	[0]	[0]	[0]	[0]	[1]	[1]	[1]
TGFR_id8	myc-high	[0]	[2]	[0]	[1]	[5]	[1]	[5]	[0]	[0]	[1]	[1]	[1]	[1]	[3]	[1]	[1]	[5]	[5]	[1]	[4]	[1]	[1]	[1]	[1]	[1]	[1]	[1]	[1]	[1]	[1]	[1]	[1]	[0]	[2]	[2]	[1]	[5]	[0]	[0]	[2]	[0]	[1]	[2]	[2]	[2]	[1]	[1]	[0]	[1]	[2]	[2]	[4]	[1]	[1]	[1]	[1]	[0]	[0]	[2]	[1]	[1]	[1]	[1]	[1]	[0]	[0]	[0]	[1]	[0]	[1]	[2]	[2]
TRAP1_id20	healthy	[2]	[0]	[1]	[1]	[0]	[1]	[2]	[0]	[0]	[1]	[1]	[1]	[1]	[0]	[1]	[1]	[0]	[0]	[1]	[1]	[1]	[1]	[0]	[1]	[1]	[1]	[1]	[1]	[0]	[1]	[1]	[1]	[0]	[0]	[0]	[1]	[2]	[0]	[0]	[2]	[2]	[1]	[0]	[0]	[0]	[1]	[1]	[2]	[1]	[0]	[0]	[1]	[1]	[1]	[1]	[1]	[0]	[0]	[0]	[1]	[1]	[1]	[1]	[1]	[2]	[0]	[1]	[0]	[0]	[1]	[0]	[5]
TRAP1_id20	myc-low	[1]	[0]	[1]	[2]	[4]	[1]	[6]	[1]	[1]	[1]	[1]	[1]	[2]	[2]	[2]	[2]	[4]	[4]	[2]	[4]	[1]	[2]	[0]	[1]	[1]	[1]	[1]	[1]	[1]	[2]	[0]	[1]	[1]	[2]	[1]	[2]	[6]	[0]	[0]	[2]	[1]	[1]	[1]	[1]	[1]	[2]	[2]	[1]	[2]	[1]	[0]	[4]	[1]	[1]	[1]	[2]	[0]	[0]	[0]	[2]	[3]	[1]	[2]	[1]	[2]	[0]	[0]	[0]	[0]	[1]	[0]	[2]
TRAP1_id20	mixed-myc-low	[1]	[0]	[1]	[1, 2]	[1, 2, 3, 4]	[1]	[3, 4, 5, 6]	[0, 1]	[0, 1]	[1]	[1]	[1]	[2]	[2]	[2]	[2]	[1, 2, 3, 4]	[1, 2, 3, 4]	[2]	[4]	[1]	[2]	[0]	[1]	[1]	[1]	[1]	[1]	[0, 1]	[2]	[0]	[1]	[0, 1]	[1]	[0, 1]	[2]	[3, 4, 5, 6]	[0]	[0]	[2]	[1]	[1]	[1]	[1]	[1]	[2]	[2]	[1, 2]	[2]	[1]	[0]	[4]	[1]	[1]	[1]	[2]	[0]	[0]	[0]	[2]	[1, 2, 3]	[1]	[2]	[1]	[2]	[0]	[0]	[0]	[0]	[1]	[0]	[2]
TRAP1_id20	mixed-myc-high	[1]	[1]	[0]	[1]	[3]	[1]	[3]	[0]	[0]	[1]	[1]	[1]	[2]	[3]	[2]	[2]	[3]	[3]	[2]	[5]	[1]	[2]	[2]	[1]	[1]	[1]	[1]	[1]	[1]	[2]	[0]	[1]	[0]	[1]	[1]	[2]	[3]	[0]	[0]	[2]	[1]	[1]	[2]	[2]	[2]	[2]	[2]	[1]	[2]	[2]	[1]	[5]	[1]	[1]	[1]	[2]	[0]	[0]	[0]	[2]	[1]	[1]	[2]	[1]	[1]	[0]	[0]	[0]	[0]	[1]	[1]	[1]
TRAP1_id20	myc-high	[0]	[2]	[0]	[1]	[5]	[1]	[5]	[0]	[0]	[1]	[1]	[1]	[1]	[3]	[1]	[1]	[5]	[5]	[1]	[4]	[1]	[1]	[1]	[1]	[1]	[1]	[1]	[1]	[1]	[1]	[1]	[1]	[0]	[2]	[2]	[1]	[5]	[0]	[0]	[2]	[0]	[1]	[2]	[2]	[2]	[1]	[1]	[0]	[1]	[2]	[2]	[4]	[1]	[1]	[1]	[1]	[0]	[0]	[0]	[1]	[1]	[1]	[1]	[1]	[0]	[0]	[0]	[1]	[0]	[1]	[2]	[2]
VEGF_id671	healthy	[2]	[0]	[1]	[0]	[0]	[1]	[2]	[0]	[0]	[1]	[1]	[1]	[1]	[0]	[1]	[1]	[0]	[0]	[1]	[1]	[1]	[1]	[0]	[1]	[1]	[1]	[1]	[1]	[0]	[1]	[1]	[1]	[0]	[0]	[0]	[1]	[2]	[0]	[0]	[2]	[2]	[1]	[0]	[0]	[0]	[1]	[1]	[2]	[1]	[0]	[0]	[1]	[1]	[1]	[1]	[1]	[0]	[0]	[0]	[1]	[0]	[1]	[1]	[1]	[2]	[0]	[1]	[0]	[0]	[1]	[0]	[5]
VEGF_id671	myc-low	[1]	[0]	[1]	[0]	[4]	[1]	[6]	[0]	[2]	[1]	[1]	[1]	[2]	[1]	[1]	[2]	[4]	[4]	[2]	[2]	[1]	[2]	[0]	[1]	[1]	[1]	[1]	[1]	[1]	[2]	[0]	[1]	[2]	[2]	[2]	[2]	[6]	[0]	[0]	[2]	[1]	[1]	[1]	[1]	[1]	[2]	[2]	[0]	[2]	[1]	[1]	[2]	[1]	[1]	[1]	[2]	[0]	[0]	[1]	[2]	[0]	[1]	[2]	[1]	[1]	[0]	[0]	[1]	[1]	[1]	[1]	[4]
VEGF_id671	mixed-myc-low	[1]	[0]	[1]	[0]	[4]	[1]	[6]	[0]	[1]	[1]	[1]	[1]	[2]	[2]	[2]	[2]	[4]	[4]	[2]	[4]	[1]	[2]	[0]	[1]	[1]	[1]	[1]	[1]	[0]	[2]	[0]	[1]	[1]	[1]	[1]	[2]	[6]	[0]	[0]	[2]	[1]	[1]	[1]	[1]	[1]	[2]	[2]	[1]	[2]	[1]	[0]	[4]	[1]	[1]	[1]	[2]	[0]	[0]	[1]	[2]	[0]	[1]	[2]	[1]	[2]	[0]	[0]	[0]	[0]	[1]	[0]	[2]
VEGF_id671	mixed-myc-high	[1]	[1]	[0]	[0]	[3]	[1]	[3]	[0]	[0]	[1]	[1]	[1]	[2]	[3]	[2]	[2]	[3]	[3]	[2]	[5]	[1]	[2]	[2]	[1]	[1]	[1]	[1]	[1]	[1]	[2]	[0]	[1]	[0]	[1]	[1]	[2]	[3]	[0]	[0]	[2]	[1]	[1]	[2]	[2]	[2]	[2]	[2]	[1]	[2]	[2]	[1]	[5]	[1]	[1]	[1]	[2]	[0]	[0]	[2]	[2]	[0]	[1]	[2]	[1]	[1]	[0]	[0]	[0]	[0]	[1]	[1]	[1]
VEGF_id671	myc-high	[0]	[2]	[0]	[0]	[5]	[1]	[5]	[0]	[0]	[1]	[1]	[1]	[1]	[3]	[1]	[1]	[5]	[5]	[1]	[4]	[1]	[1]	[1]	[1]	[1]	[1]	[1]	[1]	[1]	[1]	[1]	[1]	[0]	[2]	[2]	[1]	[5]	[0]	[0]	[2]	[0]	[1]	[2]	[2]	[2]	[1]	[1]	[0]	[1]	[2]	[2]	[4]	[1]	[1]	[1]	[1]	[0]	[0]	[2]	[1]	[0]	[1]	[1]	[1]	[0]	[0]	[0]	[1]	[0]	[1]	[2]	[2]
VHL_id556	healthy	[1, 2]	[0]	[0, 1]	[1, 2]	[3, 4, 5, 6]	[1]	[5, 6]	[0]	[1, 2]	[1]	[1]	[1]	[1]	[0]	[0, 1]	[1]	[3, 4, 5, 6]	[3, 4, 5, 6]	[1]	[0, 1]	[1]	[1]	[0]	[1]	[1]	[1]	[1]	[1]	[0, 1]	[1]	[1]	[1]	[1, 2]	[0]	[0]	[1]	[5, 6]	[0]	[0]	[2]	[1, 2]	[1]	[0]	[0]	[0, 1]	[1]	[1]	[2]	[1]	[0, 1]	[0, 1]	[0, 1]	[1]	[1]	[1]	[1]	[0]	[0]	[0]	[1]	[2, 3]	[0]	[1]	[1]	[1, 2]	[0]	[1]	[0, 1]	[0, 1]	[1]	[0, 1]	[5, 6]
VHL_id556	myc-low	[1]	[0]	[1]	[2]	[4]	[1]	[6]	[0]	[2]	[1]	[1]	[1]	[2]	[2]	[2]	[2]	[4]	[4]	[2]	[4]	[1]	[2]	[0]	[1]	[1]	[1]	[1]	[1]	[0]	[2]	[0]	[1]	[2]	[2]	[1]	[2]	[6]	[0]	[0]	[2]	[1]	[1]	[1]	[1]	[1]	[2]	[2]	[1]	[2]	[1]	[1]	[4]	[1]	[1]	[1]	[2]	[0]	[0]	[1]	[2]	[3]	[0]	[2]	[1]	[1]	[0]	[0]	[0]	[0]	[1]	[1]	[2]
VHL_id556	mixed-myc-low	[1]	[0]	[1]	[2]	[4]	[1]	[6]	[0]	[2]	[1]	[1]	[1]	[2]	[2]	[2]	[2]	[4]	[4]	[2]	[4]	[1]	[2]	[0]	[1]	[1]	[1]	[1]	[1]	[0]	[2]	[0]	[1]	[2]	[1]	[0]	[2]	[6]	[0]	[0]	[2]	[1]	[1]	[1]	[1]	[1]	[2]	[2]	[2]	[2]	[1]	[1]	[4]	[1]	[1]	[1]	[2]	[0]	[0]	[1]	[2]	[3]	[0]	[2]	[1]	[1]	[0]	[0]	[0]	[0]	[1]	[1]	[2]
VHL_id556	mixed-myc-high	[1]	[1]	[0]	[2]	[6]	[1]	[6]	[0]	[1]	[1]	[1]	[1]	[2]	[3]	[2]	[2]	[6]	[6]	[2]	[5]	[1]	[2]	[2]	[1]	[1]	[1]	[1]	[1]	[1]	[2]	[0]	[1]	[1]	[1]	[0]	[2]	[6]	[0]	[0]	[2]	[1]	[1]	[2]	[2]	[2]	[2]	[2]	[2]	[2]	[2]	[1]	[5]	[1]	[1]	[1]	[2]	[0]	[0]	[2]	[2]	[3]	[0]	[2]	[1]	[1]	[0]	[0]	[1]	[0]	[1]	[1]	[1]
VHL_id556	myc-high	[0]	[2]	[0]	[1]	[5]	[1]	[5]	[0]	[0]	[1]	[1]	[1]	[1]	[3]	[1]	[1]	[5]	[5]	[1]	[4]	[1]	[1]	[1]	[1]	[1]	[1]	[1]	[1]	[1]	[1]	[1]	[1]	[0]	[2]	[2]	[1]	[5]	[0]	[0]	[2]	[0]	[1]	[2]	[2]	[2]	[1]	[1]	[0]	[1]	[2]	[2]	[4]	[1]	[1]	[1]	[1]	[0]	[0]	[2]	[1]	[1]	[0]	[1]	[1]	[0]	[0]	[0]	[1]	[0]	[1]	[2]	[2]
cFos_id662	healthy	[2]	[0]	[1]	[1]	[0]	[1]	[2]	[0]	[0]	[1]	[1]	[1]	[1]	[0]	[1]	[1]	[0]	[0]	[1]	[1]	[1]	[1]	[0]	[1]	[1]	[1]	[1]	[1]	[0]	[1]	[1]	[1]	[0]	[0]	[0]	[1]	[2]	[0]	[0]	[2]	[2]	[1]	[0]	[0]	[0]	[1]	[1]	[2]	[1]	[0]	[0]	[1]	[1]	[1]	[1]	[1]	[0]	[0]	[0]	[1]	[1]	[1]	[1]	[0]	[2]	[0]	[1]	[0]	[0]	[1]	[0]	[5]
cFos_id662	myc-low	[1, 2]	[0]	[1, 2]	[2]	[0, 1, 2, 3, 4]	[0, 1]	[3, 4, 5, 6]	[0, 1]	[1, 2]	[1, 2]	[1, 2]	[1, 2]	[2]	[0, 1, 2]	[0, 1, 2]	[2]	[0, 1, 2, 3, 4]	[0, 1, 2, 3, 4]	[2]	[0, 1, 2, 3, 4]	[1]	[2]	[0]	[1]	[1]	[1]	[1]	[1]	[0, 1]	[2]	[0]	[0, 1]	[1, 2]	[2]	[1]	[2]	[3, 4, 5, 6]	[0]	[0]	[2]	[1, 2]	[1]	[0, 1]	[0, 1]	[0, 1]	[2]	[2]	[1]	[2]	[0, 1]	[0, 1]	[0, 1, 2, 3, 4]	[1]	[1]	[1]	[2]	[0]	[0]	[0, 1]	[2]	[3]	[1]	[2]	[0]	[1, 2]	[0]	[0, 1]	[0, 1]	[0, 1]	[1]	[0, 1]	[2, 3, 4, 5, 6]
cFos_id662	mixed-myc-low	[1, 2]	[0]	[1, 2]	[1, 2]	[0, 1, 2, 3, 4]	[0, 1]	[0, 1, 2, 3, 4, 5, 6]	[0, 1]	[0, 1, 2]	[1, 2]	[1, 2]	[1, 2]	[2]	[0, 1, 2]	[0, 1, 2]	[2]	[0, 1, 2, 3, 4]	[0, 1, 2, 3, 4]	[2]	[0, 1, 2, 3, 4]	[1]	[2]	[0]	[1]	[1]	[1]	[1]	[1]	[0, 1]	[2]	[0]	[0, 1]	[0, 1, 2]	[1]	[0, 1]	[2]	[0, 1, 2, 3, 4, 5, 6]	[0]	[0]	[2]	[1, 2]	[1]	[0, 1]	[0, 1]	[0, 1]	[2]	[2]	[1, 2]	[2]	[0, 1]	[0, 1]	[0, 1, 2, 3, 4]	[1]	[1]	[1]	[2]	[0]	[0]	[0, 1]	[2]	[1, 2, 3]	[1]	[2]	[0]	[1, 2]	[0]	[0, 1]	[0, 1]	[0, 1]	[1]	[0, 1]	[2, 3, 4, 5, 6]
cFos_id662	mixed-myc-high	[1]	[1]	[0]	[1]	[3]	[1]	[3]	[0]	[0]	[1]	[1]	[1]	[2]	[3]	[2]	[2]	[3]	[3]	[2]	[5]	[1]	[2]	[2]	[1]	[1]	[1]	[1]	[1]	[1]	[2]	[0]	[1]	[0]	[1]	[1]	[2]	[3]	[0]	[0]	[2]	[1]	[1]	[2]	[2]	[2]	[2]	[2]	[1]	[2]	[2]	[1]	[5]	[1]	[1]	[1]	[2]	[0]	[0]	[2]	[2]	[1]	[1]	[2]	[0]	[1]	[0]	[0]	[0]	[0]	[1]	[1]	[1]
cFos_id662	myc-high	[0]	[2]	[0]	[1]	[5]	[1]	[5]	[0]	[0]	[1]	[1]	[1]	[1]	[3]	[1]	[1]	[5]	[5]	[1]	[4]	[1]	[1]	[1]	[1]	[1]	[1]	[1]	[1]	[1]	[1]	[1]	[1]	[0]	[2]	[2]	[1]	[5]	[0]	[0]	[2]	[0]	[1]	[2]	[2]	[2]	[1]	[1]	[0]	[1]	[2]	[2]	[4]	[1]	[1]	[1]	[1]	[0]	[0]	[2]	[1]	[1]	[1]	[1]	[0]	[0]	[0]	[0]	[1]	[0]	[1]	[2]	[2]
mdm2_id176	healthy	[1]	[0]	[0]	[1]	[3]	[1]	[3]	[0]	[0]	[1]	[1]	[1]	[1]	[0]	[0]	[1]	[3]	[3]	[1]	[0]	[1]	[1]	[0]	[1]	[1]	[1]	[1]	[1]	[1]	[1]	[1]	[1]	[0]	[0]	[0]	[1]	[3]	[0]	[0]	[2]	[1]	[1]	[0]	[0]	[1]	[1]	[1]	[2]	[1]	[1]	[2]	[0]	[1]	[1]	[1]	[1]	[0]	[0]	[0]	[1]	[1]	[1]	[1]	[1]	[0]	[0]	[1]	[2]	[0]	[1]	[2]	[6]
mdm2_id176	myc-low	[0, 1]	[0]	[0, 1]	[1]	[1, 2, 3, 4, 5, 6]	[1]	[3, 4, 5, 6]	[0, 1]	[0]	[0, 1]	[0, 1]	[0, 1]	[2]	[0, 1]	[0, 1]	[2]	[1, 2, 3, 4, 5, 6]	[1, 2, 3, 4, 5, 6]	[2]	[0, 1, 2]	[1]	[2]	[0, 1]	[1]	[1]	[1]	[1]	[1]	[1, 2]	[2]	[0]	[1]	[0]	[2]	[2]	[2]	[3, 4, 5, 6]	[0]	[0]	[2]	[0, 1]	[1]	[0, 1]	[0, 1]	[1, 2]	[2]	[2]	[0]	[2]	[1, 2]	[2]	[0, 1, 2]	[1]	[1]	[1]	[2]	[0]	[0]	[0, 1]	[2]	[1]	[1]	[2]	[1]	[0]	[0]	[0, 1]	[1, 2]	[0]	[1]	[2]	[4, 5, 6]
mdm2_id176	mixed-myc-low	[0, 1]	[0]	[0, 1]	[1]	[1, 2, 3, 4, 5, 6]	[1]	[3, 4, 5, 6]	[0, 1]	[0]	[0, 1]	[0, 1]	[0, 1]	[2]	[0, 1]	[0, 1]	[2]	[1, 2, 3, 4, 5, 6]	[1, 2, 3, 4, 5, 6]	[2]	[0, 1, 2]	[1]	[2]	[0, 1]	[1]	[1]	[1]	[1]	[1]	[1, 2]	[2]	[0]	[1]	[0]	[1]	[1]	[2]	[3, 4, 5, 6]	[0]	[0]	[2]	[0, 1]	[1]	[0, 1]	[0, 1]	[1, 2]	[2]	[2]	[1]	[2]	[1, 2]	[2]	[0, 1, 2]	[1]	[1]	[1]	[2]	[0]	[0]	[0, 1]	[2]	[1]	[1]	[2]	[1]	[0]	[0]	[0, 1]	[1, 2]	[0]	[1]	[2]	[4, 5, 6]
mdm2_id176	mixed-myc-high	[0]	[1]	[0]	[1]	[5]	[1]	[5]	[0]	[0]	[1]	[1]	[1]	[2]	[3]	[2]	[2]	[5]	[5]	[2]	[5]	[1]	[2]	[2]	[1]	[1]	[1]	[1]	[1]	[1]	[2]	[0]	[1]	[0]	[1]	[1]	[2]	[5]	[0]	[0]	[2]	[0]	[1]	[2]	[2]	[2]	[2]	[2]	[1]	[2]	[2]	[2]	[5]	[1]	[1]	[1]	[2]	[0]	[0]	[2]	[2]	[1]	[1]	[2]	[1]	[0]	[0]	[0]	[1]	[0]	[1]	[2]	[1]
mdm2_id176	myc-high	[0]	[2]	[0]	[1]	[5]	[1]	[5]	[0]	[0]	[1]	[1]	[1]	[1]	[3]	[1]	[1]	[5]	[5]	[1]	[4]	[1]	[1]	[1]	[1]	[1]	[1]	[1]	[1]	[1]	[1]	[1]	[1]	[0]	[2]	[2]	[1]	[5]	[0]	[0]	[2]	[0]	[1]	[2]	[2]	[2]	[1]	[1]	[0]	[1]	[2]	[2]	[4]	[1]	[1]	[1]	[1]	[0]	[0]	[2]	[1]	[1]	[1]	[1]	[1]	[0]	[0]	[0]	[1]	[0]	[1]	[2]	[2]
p15_id22	healthy	[2]	[0]	[1]	[1]	[0]	[1]	[2]	[0]	[0]	[1]	[1]	[1]	[1]	[0]	[1]	[1]	[0]	[0]	[1]	[1]	[1]	[1]	[0]	[1]	[1]	[1]	[1]	[1]	[0]	[1]	[1]	[1]	[0]	[0]	[0]	[1]	[2]	[0]	[0]	[2]	[2]	[1]	[0]	[0]	[0]	[1]	[1]	[2]	[1]	[0]	[0]	[1]	[1]	[1]	[1]	[1]	[0]	[0]	[0]	[1]	[1]	[1]	[1]	[1]	[2]	[0]	[1]	[0]	[0]	[1]	[0]	[5]
p15_id22	myc-low	[1]	[0]	[1]	[2]	[4]	[1]	[6]	[0]	[1]	[1]	[1]	[1]	[2]	[2]	[2]	[2]	[4]	[4]	[2]	[4]	[1]	[2]	[0]	[1]	[1]	[1]	[1]	[1]	[0]	[2]	[0]	[1]	[1]	[2]	[1]	[2]	[6]	[0]	[0]	[2]	[1]	[1]	[1]	[1]	[1]	[2]	[2]	[1]	[2]	[1]	[0]	[4]	[1]	[1]	[1]	[2]	[0]	[0]	[1]	[2]	[3]	[1]	[2]	[1]	[2]	[0]	[0]	[0]	[0]	[1]	[0]	[2]
p15_id22	mixed-myc-low	[1]	[0]	[1]	[1, 2]	[1, 2, 3, 4]	[1]	[3, 4, 5, 6]	[0]	[0, 1]	[1]	[1]	[1]	[2]	[2]	[2]	[2]	[1, 2, 3, 4]	[1, 2, 3, 4]	[2]	[4]	[1]	[2]	[0]	[1]	[1]	[1]	[1]	[1]	[0]	[2]	[0]	[1]	[0, 1]	[1]	[0, 1]	[2]	[3, 4, 5, 6]	[0]	[0]	[2]	[1]	[1]	[1]	[1]	[1]	[2]	[2]	[1, 2]	[2]	[1]	[0]	[4]	[1]	[1]	[1]	[2]	[0]	[0]	[1]	[2]	[1, 2, 3]	[1]	[2]	[1]	[2]	[0]	[0]	[0]	[0]	[1]	[0]	[2]
p15_id22	mixed-myc-high	[1]	[1]	[0]	[1]	[3]	[1]	[3]	[0]	[0]	[1]	[1]	[1]	[2]	[3]	[2]	[2]	[3]	[3]	[2]	[5]	[1]	[2]	[2]	[1]	[1]	[1]	[1]	[1]	[1]	[2]	[0]	[1]	[0]	[1]	[1]	[2]	[3]	[0]	[0]	[2]	[1]	[1]	[2]	[2]	[2]	[2]	[2]	[1]	[2]	[2]	[1]	[5]	[1]	[1]	[1]	[2]	[0]	[0]	[2]	[2]	[1]	[1]	[2]	[1]	[1]	[0]	[0]	[0]	[0]	[1]	[1]	[1]
p15_id22	myc-high	[0]	[2]	[0]	[1]	[5]	[1]	[5]	[0]	[0]	[1]	[1]	[1]	[1]	[3]	[1]	[1]	[5]	[5]	[1]	[4]	[1]	[1]	[1]	[1]	[1]	[1]	[1]	[1]	[1]	[1]	[1]	[1]	[0]	[2]	[2]	[1]	[5]	[0]	[0]	[2]	[0]	[1]	[2]	[2]	[2]	[1]	[1]	[0]	[1]	[2]	[2]	[4]	[1]	[1]	[1]	[1]	[0]	[0]	[2]	[1]	[1]	[1]	[1]	[1]	[0]	[0]	[0]	[1]	[0]	[1]	[2]	[2]
p16_id61	healthy	[2]	[0]	[1]	[1]	[0]	[1]	[2]	[0]	[0]	[1]	[1]	[1]	[1]	[0]	[1]	[1]	[0]	[0]	[1]	[1]	[1]	[1]	[0]	[1]	[1]	[1]	[1]	[1]	[0]	[1]	[1]	[1]	[0]	[0]	[0]	[1]	[2]	[0]	[0]	[2]	[2]	[1]	[0]	[0]	[0]	[1]	[1]	[2]	[1]	[0]	[0]	[1]	[1]	[1]	[1]	[1]	[0]	[0]	[0]	[1]	[1]	[1]	[1]	[1]	[2]	[0]	[0]	[0]	[0]	[1]	[0]	[5]
p16_id61	myc-low	[1]	[0]	[1]	[2]	[4]	[1]	[6]	[0]	[1]	[1]	[1]	[1]	[2]	[2]	[2]	[2]	[4]	[4]	[2]	[4]	[1]	[2]	[0]	[1]	[1]	[1]	[1]	[1]	[0]	[2]	[0]	[1]	[1]	[2]	[1]	[2]	[6]	[0]	[0]	[2]	[1]	[1]	[1]	[1]	[1]	[2]	[2]	[1]	[2]	[1]	[0]	[4]	[1]	[1]	[1]	[2]	[0]	[0]	[1]	[2]	[3]	[1]	[2]	[1]	[2]	[0]	[0]	[0]	[0]	[1]	[0]	[2]
p16_id61	mixed-myc-low	[1]	[0]	[1]	[1, 2]	[1, 2, 3, 4]	[1]	[3, 4, 5, 6]	[0]	[0, 1]	[1]	[1]	[1]	[2]	[2]	[2]	[2]	[1, 2, 3, 4]	[1, 2, 3, 4]	[2]	[4]	[1]	[2]	[0]	[1]	[1]	[1]	[1]	[1]	[0]	[2]	[0]	[1]	[0, 1]	[1]	[0, 1]	[2]	[3, 4, 5, 6]	[0]	[0]	[2]	[1]	[1]	[1]	[1]	[1]	[2]	[2]	[1, 2]	[2]	[1]	[0]	[4]	[1]	[1]	[1]	[2]	[0]	[0]	[1]	[2]	[1, 2, 3]	[1]	[2]	[1]	[2]	[0]	[0]	[0]	[0]	[1]	[0]	[2]
p16_id61	mixed-myc-high	[1]	[1]	[0]	[1]	[3]	[1]	[3]	[0]	[0]	[1]	[1]	[1]	[2]	[3]	[2]	[2]	[3]	[3]	[2]	[5]	[1]	[2]	[2]	[1]	[1]	[1]	[1]	[1]	[1]	[2]	[0]	[1]	[0]	[1]	[1]	[2]	[3]	[0]	[0]	[2]	[1]	[1]	[2]	[2]	[2]	[2]	[2]	[1]	[2]	[2]	[1]	[5]	[1]	[1]	[1]	[2]	[0]	[0]	[2]	[2]	[1]	[1]	[2]	[1]	[1]	[0]	[0]	[0]	[0]	[1]	[1]	[1]
p16_id61	myc-high	[0]	[2]	[0]	[1]	[5]	[1]	[5]	[0]	[0]	[1]	[1]	[1]	[1]	[3]	[1]	[1]	[5]	[5]	[1]	[4]	[1]	[1]	[1]	[1]	[1]	[1]	[1]	[1]	[1]	[1]	[1]	[1]	[0]	[2]	[2]	[1]	[5]	[0]	[0]	[2]	[0]	[1]	[2]	[2]	[2]	[1]	[1]	[0]	[1]	[2]	[2]	[4]	[1]	[1]	[1]	[1]	[0]	[0]	[2]	[1]	[1]	[1]	[1]	[1]	[0]	[0]	[0]	[1]	[0]	[1]	[2]	[2]
p21_id19	healthy	[2]	[0]	[1]	[1]	[0]	[1]	[2]	[0]	[0]	[1]	[1]	[1]	[1]	[0]	[1]	[1]	[0]	[0]	[1]	[1]	[1]	[1]	[0]	[1]	[1]	[1]	[1]	[1]	[0]	[1]	[1]	[1]	[0]	[0]	[0]	[1]	[2]	[0]	[0]	[2]	[2]	[1]	[0]	[0]	[0]	[1]	[1]	[2]	[1]	[0]	[0]	[1]	[1]	[1]	[1]	[1]	[0]	[0]	[0]	[1]	[1]	[1]	[1]	[1]	[2]	[0]	[1]	[0]	[0]	[1]	[0]	[5]
p21_id19	myc-low	[1]	[0]	[1]	[2]	[4]	[1]	[6]	[0]	[1]	[1]	[1]	[1]	[2]	[2]	[2]	[2]	[4]	[4]	[2]	[4]	[1]	[2]	[0]	[1]	[1]	[1]	[1]	[1]	[0]	[2]	[0]	[1]	[1]	[2]	[1]	[2]	[6]	[0]	[0]	[2]	[1]	[1]	[1]	[1]	[1]	[2]	[2]	[1]	[2]	[1]	[0]	[4]	[1]	[1]	[1]	[2]	[0]	[0]	[1]	[2]	[3]	[1]	[2]	[1]	[2]	[0]	[0]	[0]	[0]	[1]	[0]	[2]
p21_id19	mixed-myc-low	[1]	[0]	[1]	[1, 2]	[1, 2, 3, 4]	[1]	[3, 4, 5, 6]	[0]	[0, 1]	[1]	[1]	[1]	[2]	[2]	[2]	[2]	[1, 2, 3, 4]	[1, 2, 3, 4]	[2]	[4]	[1]	[2]	[0]	[1]	[1]	[1]	[1]	[1]	[0]	[2]	[0]	[1]	[0, 1]	[1]	[0, 1]	[2]	[3, 4, 5, 6]	[0]	[0]	[2]	[1]	[1]	[1]	[1]	[1]	[2]	[2]	[1, 2]	[2]	[1]	[0]	[4]	[1]	[1]	[1]	[2]	[0]	[0]	[1]	[2]	[1, 2, 3]	[1]	[2]	[1]	[2]	[0]	[0]	[0]	[0]	[1]	[0]	[2]
p21_id19	mixed-myc-high	[1]	[1]	[0]	[1]	[3]	[1]	[3]	[0]	[0]	[1]	[1]	[1]	[2]	[3]	[2]	[2]	[3]	[3]	[2]	[5]	[1]	[2]	[2]	[1]	[1]	[1]	[1]	[1]	[1]	[2]	[0]	[1]	[0]	[1]	[1]	[2]	[3]	[0]	[0]	[2]	[1]	[1]	[2]	[2]	[2]	[2]	[2]	[1]	[2]	[2]	[1]	[5]	[1]	[1]	[1]	[2]	[0]	[0]	[2]	[2]	[1]	[1]	[2]	[1]	[1]	[0]	[0]	[0]	[0]	[1]	[1]	[1]
p21_id19	myc-high	[0]	[2]	[0]	[1]	[5]	[1]	[5]	[0]	[0]	[1]	[1]	[1]	[1]	[3]	[2]	[1]	[5]	[5]	[1]	[5]	[1]	[1]	[2]	[1]	[1]	[1]	[1]	[1]	[1]	[1]	[1]	[1]	[0]	[2]	[2]	[1]	[5]	[0]	[0]	[2]	[0]	[1]	[2]	[2]	[2]	[1]	[1]	[0]	[1]	[2]	[2]	[5]	[1]	[1]	[1]	[1]	[0]	[0]	[2]	[1]	[1]	[1]	[1]	[1]	[0]	[0]	[0]	[0]	[0]	[1]	[2]	[1]
p27_id62	healthy	[2]	[0]	[1]	[1]	[0]	[1]	[2]	[0]	[0]	[1]	[1]	[1]	[1]	[0]	[1]	[1]	[0]	[0]	[1]	[1]	[1]	[1]	[0]	[1]	[1]	[1]	[1]	[1]	[0]	[1]	[1]	[1]	[0]	[0]	[0]	[1]	[2]	[0]	[0]	[2]	[2]	[1]	[0]	[0]	[0]	[1]	[1]	[2]	[1]	[0]	[0]	[1]	[1]	[1]	[1]	[1]	[0]	[0]	[0]	[1]	[1]	[1]	[1]	[1]	[2]	[0]	[1]	[0]	[0]	[1]	[0]	[5]
p27_id62	myc-low	[1]	[0]	[1]	[2]	[4]	[1]	[6]	[0]	[1]	[1]	[1]	[1]	[2]	[2]	[2]	[2]	[4]	[4]	[2]	[4]	[1]	[2]	[0]	[1]	[1]	[1]	[1]	[1]	[0]	[2]	[0]	[1]	[1]	[2]	[1]	[2]	[6]	[0]	[0]	[2]	[1]	[1]	[1]	[1]	[1]	[2]	[2]	[1]	[2]	[1]	[0]	[4]	[1]	[1]	[1]	[2]	[0]	[0]	[1]	[2]	[3]	[1]	[2]	[1]	[2]	[0]	[0]	[0]	[0]	[1]	[0]	[2]
p27_id62	mixed-myc-low	[1]	[0]	[1]	[1, 2]	[1, 2, 3, 4]	[1]	[3, 4, 5, 6]	[0]	[0, 1]	[1]	[1]	[1]	[2]	[2]	[2]	[2]	[1, 2, 3, 4]	[1, 2, 3, 4]	[2]	[4]	[1]	[2]	[0]	[1]	[1]	[1]	[1]	[1]	[0]	[2]	[0]	[1]	[0, 1]	[1]	[0, 1]	[2]	[3, 4, 5, 6]	[0]	[0]	[2]	[1]	[1]	[1]	[1]	[1]	[2]	[2]	[1, 2]	[2]	[1]	[0]	[4]	[1]	[1]	[1]	[2]	[0]	[0]	[1]	[2]	[1, 2, 3]	[1]	[2]	[1]	[2]	[0]	[0]	[0]	[0]	[1]	[0]	[2]
p27_id62	mixed-myc-high	[1]	[1]	[0]	[1]	[3]	[1]	[3]	[0]	[0]	[1]	[1]	[1]	[2]	[3]	[2]	[2]	[3]	[3]	[2]	[5]	[1]	[2]	[2]	[1]	[1]	[1]	[1]	[1]	[1]	[2]	[0]	[1]	[0]	[1]	[1]	[2]	[3]	[0]	[0]	[2]	[1]	[1]	[2]	[2]	[2]	[2]	[2]	[1]	[2]	[2]	[1]	[5]	[1]	[1]	[1]	[2]	[0]	[0]	[2]	[2]	[1]	[1]	[2]	[1]	[1]	[0]	[0]	[0]	[0]	[1]	[1]	[1]
p27_id62	myc-high	[0]	[2]	[0]	[1]	[5]	[1]	[5]	[0]	[0]	[1]	[1]	[1]	[1]	[3]	[1]	[1]	[5]	[5]	[1]	[4]	[1]	[1]	[1]	[1]	[1]	[1]	[1]	[1]	[1]	[1]	[1]	[1]	[0]	[2]	[2]	[1]	[5]	[0]	[0]	[2]	[0]	[1]	[2]	[2]	[2]	[1]	[1]	[0]	[1]	[2]	[2]	[4]	[1]	[1]	[1]	[1]	[0]	[0]	[2]	[1]	[1]	[1]	[1]	[1]	[0]	[0]	[0]	[1]	[0]	[1]	[2]	[2]
p38_id617	healthy	[2]	[0]	[1]	[0]	[0]	[1]	[2]	[0]	[0]	[1]	[1]	[1]	[1]	[0]	[1]	[1]	[0]	[0]	[1]	[1]	[1]	[1]	[0]	[1]	[1]	[1]	[1]	[1]	[0]	[1]	[1]	[1]	[0]	[0]	[0]	[1]	[2]	[0]	[0]	[2]	[2]	[1]	[0]	[0]	[0]	[1]	[1]	[2]	[1]	[0]	[0]	[1]	[1]	[1]	[1]	[1]	[0]	[0]	[0]	[1]	[0]	[1]	[1]	[1]	[2]	[0]	[1]	[0]	[0]	[0]	[0]	[5]
p38_id617	myc-low	[1]	[0]	[1]	[1, 2]	[4]	[1]	[6]	[0, 1]	[1, 2]	[1]	[1]	[1]	[2]	[1, 2]	[1, 2]	[2]	[4]	[4]	[2]	[2, 3, 4]	[1]	[2]	[0]	[1]	[1]	[1]	[1]	[1]	[0, 1]	[2]	[0]	[1]	[1, 2]	[2]	[1, 2]	[2]	[6]	[0]	[0]	[2]	[1]	[1]	[1]	[1]	[1]	[2]	[2]	[0, 1]	[2]	[1]	[0, 1]	[2, 3, 4]	[1]	[1]	[1]	[2]	[0]	[0]	[1]	[2]	[2, 3]	[1]	[2]	[1]	[1, 2]	[0]	[0]	[0, 1]	[0, 1]	[0]	[0, 1]	[2, 3, 4]
p38_id617	mixed-myc-low	[1]	[0]	[1]	[1]	[4]	[1]	[6]	[0]	[1]	[1]	[1]	[1]	[2]	[2]	[2]	[2]	[4]	[4]	[2]	[4]	[1]	[2]	[0]	[1]	[1]	[1]	[1]	[1]	[0]	[2]	[0]	[1]	[1]	[1]	[1]	[2]	[6]	[0]	[0]	[2]	[1]	[1]	[1]	[1]	[1]	[2]	[2]	[1]	[2]	[1]	[0]	[4]	[1]	[1]	[1]	[2]	[0]	[0]	[1]	[2]	[2]	[1]	[2]	[1]	[2]	[0]	[0]	[0]	[0]	[0]	[0]	[2]
p38_id617	mixed-myc-high	[1]	[1]	[0]	[1]	[3]	[1]	[3]	[0]	[0]	[1]	[1]	[1]	[2]	[3]	[2]	[2]	[3]	[3]	[2]	[5]	[1]	[2]	[2]	[1]	[1]	[1]	[1]	[1]	[1]	[2]	[0]	[1]	[0]	[1]	[1]	[2]	[3]	[0]	[0]	[2]	[1]	[1]	[2]	[2]	[2]	[2]	[2]	[1]	[2]	[2]	[1]	[5]	[1]	[1]	[1]	[2]	[0]	[0]	[2]	[2]	[1]	[1]	[2]	[1]	[1]	[0]	[0]	[0]	[0]	[0]	[1]	[1]
p38_id617	myc-high	[0]	[2]	[0]	[0]	[5]	[1]	[5]	[0]	[0]	[1]	[1]	[1]	[1]	[3]	[1]	[1]	[5]	[5]	[1]	[4]	[1]	[1]	[1]	[1]	[1]	[1]	[1]	[1]	[1]	[1]	[1]	[1]	[0]	[2]	[2]	[1]	[5]	[0]	[0]	[2]	[0]	[1]	[2]	[2]	[2]	[1]	[1]	[0]	[1]	[2]	[2]	[4]	[1]	[1]	[1]	[1]	[0]	[0]	[2]	[1]	[0]	[1]	[1]	[1]	[0]	[0]	[0]	[1]	[0]	[0]	[2]	[2]
p53_id175	healthy	[2]	[0]	[1]	[1]	[0]	[1]	[2]	[0]	[0]	[1]	[1]	[1]	[1]	[0]	[1]	[1]	[0]	[0]	[1]	[1]	[1]	[1]	[0]	[1]	[1]	[1]	[1]	[1]	[0]	[1]	[1]	[1]	[0]	[0]	[0]	[1]	[2]	[0]	[0]	[2]	[2]	[1]	[0]	[0]	[0]	[1]	[1]	[2]	[1]	[0]	[0]	[1]	[1]	[1]	[1]	[1]	[0]	[0]	[0]	[1]	[1]	[1]	[1]	[1]	[2]	[0]	[1]	[0]	[0]	[1]	[0]	[5]
p53_id175	myc-low	[1]	[0]	[1]	[2]	[4]	[1]	[6]	[0]	[1]	[1]	[1]	[1]	[2]	[2]	[2]	[2]	[4]	[4]	[2]	[4]	[1]	[2]	[0]	[1]	[1]	[1]	[1]	[1]	[0]	[2]	[0]	[1]	[1]	[2]	[1]	[2]	[6]	[0]	[0]	[2]	[1]	[1]	[1]	[1]	[1]	[2]	[2]	[1]	[2]	[1]	[0]	[4]	[1]	[1]	[1]	[2]	[0]	[0]	[1]	[2]	[3]	[1]	[2]	[1]	[2]	[0]	[0]	[0]	[0]	[1]	[0]	[2]
p53_id175	mixed-myc-low	[1]	[0]	[1]	[1, 2]	[1, 2, 3, 4]	[1]	[3, 4, 5, 6]	[0]	[0, 1]	[1]	[1]	[1]	[2]	[2]	[2]	[2]	[1, 2, 3, 4]	[1, 2, 3, 4]	[2]	[4]	[1]	[2]	[0]	[1]	[1]	[1]	[1]	[1]	[0]	[2]	[0]	[1]	[0, 1]	[1]	[0, 1]	[2]	[3, 4, 5, 6]	[0]	[0]	[2]	[1]	[1]	[1]	[1]	[1]	[2]	[2]	[1, 2]	[2]	[1]	[0]	[4]	[1]	[1]	[1]	[2]	[0]	[0]	[1]	[2]	[1, 2, 3]	[1]	[2]	[1]	[2]	[0]	[0]	[0]	[0]	[1]	[0]	[2]
p53_id175	mixed-myc-high	[1]	[1]	[1]	[1, 2]	[1, 2, 3, 4]	[1]	[3, 4, 5, 6]	[0]	[0, 1]	[1]	[1]	[1]	[2]	[3]	[2]	[2]	[1, 2, 3, 4]	[1, 2, 3, 4]	[2]	[5]	[1]	[2]	[1]	[1]	[1]	[1]	[1]	[1]	[0]	[2]	[0]	[1]	[0, 1]	[1]	[0, 1]	[2]	[3, 4, 5, 6]	[0]	[0]	[2]	[1]	[1]	[2]	[2]	[1]	[2]	[2]	[1, 2]	[2]	[1]	[0]	[5]	[1]	[1]	[1]	[2]	[0]	[0]	[2]	[2]	[1, 2, 3]	[1]	[2]	[1]	[1]	[0]	[0]	[0]	[0]	[1]	[0]	[1]
p53_id175	myc-high	[1]	[2]	[0]	[1]	[6]	[1]	[6]	[0]	[1]	[1]	[1]	[1]	[1]	[3]	[2]	[1]	[6]	[6]	[1]	[5]	[1]	[1]	[2]	[1]	[1]	[1]	[1]	[1]	[1]	[1]	[1]	[1]	[1]	[2]	[2]	[1]	[6]	[0]	[0]	[2]	[1]	[1]	[2]	[2]	[1]	[1]	[1]	[0]	[1]	[1]	[0]	[5]	[1]	[1]	[1]	[1]	[0]	[0]	[2]	[1]	[2]	[1]	[1]	[1]	[0]	[0]	[0]	[0]	[0]	[1]	[0]	[1]
pRb_id198	healthy	[1]	[2]	[0]	[1]	[3]	[1]	[3]	[0]	[0]	[1]	[1]	[1]	[1]	[0]	[0]	[1]	[3]	[3]	[1]	[6]	[1]	[1]	[2]	[1]	[1]	[1]	[1]	[1]	[1]	[1]	[1]	[1]	[0]	[0]	[0]	[1]	[3]	[0]	[0]	[2]	[1]	[1]	[0]	[0]	[1]	[1]	[1]	[2]	[1]	[1]	[2]	[6]	[1]	[1]	[1]	[1]	[0]	[0]	[0]	[1]	[1]	[1]	[1]	[1]	[0]	[0]	[1]	[2]	[0]	[1]	[2]	[0]
pRb_id198	myc-low	[1]	[1]	[1]	[2]	[4]	[1]	[6]	[0]	[1]	[1]	[1]	[1]	[2]	[0]	[1]	[2]	[4]	[4]	[2]	[6]	[1]	[2]	[1]	[1]	[1]	[1]	[1]	[1]	[1]	[2]	[0]	[1]	[1]	[2]	[1]	[2]	[6]	[0]	[0]	[2]	[1]	[1]	[0]	[0]	[1]	[2]	[2]	[1]	[2]	[1]	[1]	[6]	[1]	[1]	[1]	[2]	[0]	[0]	[0]	[2]	[3]	[1]	[2]	[1]	[1]	[0]	[1]	[1]	[0]	[1]	[1]	[0]
pRb_id198	mixed-myc-low	[1]	[1]	[1]	[1, 2]	[1, 2, 3, 4]	[1]	[3, 4, 5, 6]	[0]	[0, 1]	[1]	[1]	[1]	[2]	[0]	[1]	[2]	[1, 2, 3, 4]	[1, 2, 3, 4]	[2]	[6]	[1]	[2]	[1]	[1]	[1]	[1]	[1]	[1]	[0, 1]	[2]	[0]	[1]	[0, 1]	[1]	[0, 1]	[2]	[3, 4, 5, 6]	[0]	[0]	[2]	[1]	[1]	[0]	[0]	[1]	[2]	[2]	[1, 2]	[2]	[1]	[1]	[6]	[1]	[1]	[1]	[2]	[0]	[0]	[0]	[2]	[1, 2, 3]	[1]	[2]	[1]	[1]	[0]	[1]	[0, 1]	[0]	[1]	[1]	[0]
pRb_id198	mixed-myc-high	[1]	[1]	[0]	[1]	[3]	[1]	[3]	[0]	[0]	[1]	[1]	[1]	[2]	[3]	[2]	[2]	[3]	[3]	[2]	[6]	[1]	[2]	[2]	[1]	[1]	[1]	[1]	[1]	[1]	[2]	[0]	[1]	[0]	[1]	[1]	[2]	[3]	[0]	[0]	[2]	[1]	[1]	[2]	[2]	[2]	[2]	[2]	[1]	[2]	[2]	[1]	[6]	[1]	[1]	[1]	[2]	[0]	[0]	[2]	[2]	[1]	[1]	[2]	[1]	[1]	[0]	[0]	[0]	[0]	[1]	[1]	[0]
pRb_id198	myc-high	[0]	[2]	[0]	[1]	[5]	[1]	[5]	[0]	[0]	[1]	[1]	[1]	[1]	[3]	[1]	[1]	[5]	[5]	[1]	[6]	[1]	[1]	[2]	[1]	[1]	[1]	[1]	[1]	[1]	[1]	[1]	[1]	[0]	[2]	[2]	[1]	[5]	[0]	[0]	[2]	[0]	[1]	[2]	[2]	[2]	[1]	[1]	[0]	[1]	[2]	[2]	[6]	[1]	[1]	[1]	[1]	[0]	[0]	[2]	[1]	[1]	[1]	[1]	[1]	[0]	[0]	[0]	[1]	[0]	[1]	[2]	[0]
