Intervention	Reliability	Opportunity	Apoptosis (WT)	Apoptosis (mixed-myc-low)	Apoptosis (mixed-myc-high)	Proliferation (mixed-myc-low)	Proliferation (mixed-myc-high)
E2F_1_id199+ErbB1_id298	10	10	[0]	[4]	[6]	[0]	[0]
E2F_1_id199+Ras_id32	10	10	[0]	[4]	[6]	[0]	[0]
Beta_Catenin_id227+E2F_1_id199	9	9	[0]	[3]	[6]	[0]	[0]
E2F_1_id199+Frizzled_id218	9	9	[0]	[3]	[6]	[0]	[0]
E2F_1_id199+VEGF_id671	9	9	[0]	[4]	[5]	[0]	[0]
E2F_1_id199+p38_id617	9	9	[0]	[4]	[5]	[0]	[0]
E2F_1_id199+Rsk_id53	7	10	[0]	[1, 2, 3, 4]	[6]	[0]	[0]
A1_id357+E2F_1_id199	7	9	[1]	[2, 3, 4]	[5]	[0]	[0]
Akt_id40+E2F_1_id199	8	8	[2]	[3]	[5]	[0]	[0]
Bcl_2_id319+E2F_1_id199	7	9	[1]	[2, 3, 4]	[5]	[0]	[0]
Bcl_W_id356+E2F_1_id199	7	9	[1]	[2, 3, 4]	[5]	[0]	[0]
Bcl_xl_id320+E2F_1_id199	7	9	[1]	[2, 3, 4]	[5]	[0]	[0]
Beta_Catenin_id227+CDK2_id644	8	8	[0]	[3]	[6]	[0]	[1]
CDK2_id644+ErbB1_id298	8	8	[0]	[4]	[6]	[0]	[2]
CDK2_id644+Frizzled_id218	8	8	[0]	[3]	[6]	[0]	[1]
CDK2_id644+Ras_id32	8	8	[0]	[4]	[6]	[0]	[2]
COX2_id564+E2F_1_id199	8	8	[0]	[3]	[5]	[0]	[0]
E2F_1_id199+EP4_id610	8	8	[0]	[3]	[5]	[0]	[0]
E2F_1_id199+Mcl1_id321	7	9	[1]	[2, 3, 4]	[5]	[0]	[0]
E2F_1_id199+Mek_id35	6	10	[0]	[0, 1, 2, 3, 4]	[6]	[0]	[0]
E2F_1_id199+PEA3_id563	8	8	[0]	[3]	[5]	[0]	[0]
E2F_1_id199+PI3K_id33	8	8	[2]	[3]	[5]	[0]	[0]
E2F_1_id199+Raf_1_id34	6	10	[0]	[0, 1, 2, 3, 4]	[6]	[0]	[0]
Erk_id36+Frizzled_id218	8	8	[0]	[4]	[6]	[0]	[2]
Frizzled_id218+Mek_id35	8	8	[0]	[4]	[6]	[0]	[2]
Frizzled_id218+Raf_1_id34	8	8	[0]	[4]	[6]	[0]	[2]
CDK2_id644+CDK4_id60	6	9	[0]	[1, 2, 3, 4]	[5]	[0]	[0]
CDK2_id644+E2F_1_id199	6	9	[0]	[1, 2, 3, 4]	[5]	[0]	[0]
CDK4_id60+E2F_1_id199	6	9	[0]	[1, 2, 3, 4]	[5]	[0]	[0]
E2F_1_id199+EZH2_id535	6	9	[0]	[1, 2, 3, 4]	[5]	[0]	[0]
E2F_1_id199+GSK3_id45	6	9	[1]	[1, 2, 3, 4]	[5]	[0]	[0]
E2F_1_id199+TGFBeta_id9	6	9	[0]	[1, 2, 3, 4]	[5]	[0]	[0]
E2F_1_id199+TGFR_id8	6	9	[0]	[1, 2, 3, 4]	[5]	[0]	[0]
E2F_1_id199+TRAP1_id20	6	9	[0]	[1, 2, 3, 4]	[5]	[0]	[0]
E2F_1_id199+p15_id22	6	9	[0]	[1, 2, 3, 4]	[5]	[0]	[0]
E2F_1_id199+p16_id61	6	9	[0]	[1, 2, 3, 4]	[5]	[0]	[0]
E2F_1_id199+p21_id19	6	9	[0]	[1, 2, 3, 4]	[5]	[0]	[0]
E2F_1_id199+p27_id62	6	9	[0]	[1, 2, 3, 4]	[5]	[0]	[0]
E2F_1_id199+pRb_id198	6	9	[0]	[1, 2, 3, 4]	[5]	[0]	[0]
Beta_Catenin_id227+Erk_id36	7	7	[0]	[4]	[6]	[0]	[3]
Beta_Catenin_id227+Mek_id35	7	7	[0]	[4]	[6]	[0]	[3]
Beta_Catenin_id227+Raf_1_id34	7	7	[0]	[4]	[6]	[0]	[3]
CDK4_id60+ErbB1_id298	7	7	[0]	[4]	[6]	[0]	[3]
CDK4_id60+Ras_id32	7	7	[0]	[4]	[6]	[0]	[3]
E2F_1_id199+Elk_1_id661	5	9	[0]	[0, 1, 2, 3, 4]	[5]	[0]	[0]
E2F_1_id199+Ets_2_id38	5	9	[0]	[0, 1, 2, 3, 4]	[5]	[0]	[0]
E2F_1_id199+cFos_id662	5	9	[0]	[0, 1, 2, 3, 4]	[5]	[0]	[0]
BAD_id324+E2F_1_id199	5	8	[0]	[0, 1, 2, 3]	[5]	[0]	[0]
A1_id357+Frizzled_id218	6	6	[1]	[4]	[5]	[0]	[3]
Bcl_2_id319+Frizzled_id218	6	6	[1]	[4]	[5]	[0]	[3]
Bcl_W_id356+Frizzled_id218	6	6	[1]	[4]	[5]	[0]	[3]
Bcl_xl_id320+Frizzled_id218	6	6	[1]	[4]	[5]	[0]	[3]
CDK4_id60+Frizzled_id218	6	6	[0]	[3]	[5]	[0]	[2]
E2F_1_id199+Erk_id36	6	6	[0]	[0]	[6]	[0]	[0]
E2F_1_id199+HIF1_id558	6	6	[0]	[1]	[5]	[0]	[0]
EZH2_id535+Frizzled_id218	6	6	[0]	[3]	[6]	[0]	[3]
ErbB1_id298+Frizzled_id218	6	6	[2]	[2]	[6]	[0]	[2]
Frizzled_id218+Mcl1_id321	6	6	[1]	[4]	[5]	[0]	[3]
Frizzled_id218+Ras_id32	6	6	[2]	[2]	[6]	[0]	[2]
Frizzled_id218+Rsk_id53	6	6	[0]	[3]	[6]	[0]	[3]
BIM_id323+E2F_1_id199	4	7	[0]	[1, 2, 3, 4]	[3]	[0]	[0]
CDK2_id644+Mek_id35	3	8	[0]	[0, 1, 2, 3, 4]	[6]	[0, 1]	[2]
CDK2_id644+Raf_1_id34	3	8	[0]	[0, 1, 2, 3, 4]	[6]	[0, 1]	[2]
A1_id357+Beta_Catenin_id227	5	5	[1]	[4]	[5]	[0]	[4]
A1_id357+ErbB1_id298	5	5	[1]	[4]	[6]	[0]	[5]
A1_id357+Ras_id32	5	5	[1]	[4]	[6]	[0]	[5]
ARF_id177+E2F_1_id199	2	8	[0]	[1, 2, 3, 4]	[1, 2, 3, 4]	[0]	[0]
BIM_id323+Frizzled_id218	5	5	[0]	[3]	[5]	[0]	[3]
Bcl_2_id319+Beta_Catenin_id227	5	5	[1]	[4]	[5]	[0]	[4]
Bcl_2_id319+ErbB1_id298	5	5	[1]	[4]	[6]	[0]	[5]
Bcl_2_id319+Ras_id32	5	5	[1]	[4]	[6]	[0]	[5]
Bcl_W_id356+Beta_Catenin_id227	5	5	[1]	[4]	[5]	[0]	[4]
Bcl_W_id356+ErbB1_id298	5	5	[1]	[4]	[6]	[0]	[5]
Bcl_W_id356+Ras_id32	5	5	[1]	[4]	[6]	[0]	[5]
Bcl_xl_id320+Beta_Catenin_id227	5	5	[1]	[4]	[5]	[0]	[4]
Bcl_xl_id320+ErbB1_id298	5	5	[1]	[4]	[6]	[0]	[5]
Bcl_xl_id320+Ras_id32	5	5	[1]	[4]	[6]	[0]	[5]
Beta_Catenin_id227+CDK4_id60	5	5	[0]	[3]	[5]	[0]	[3]
Beta_Catenin_id227+EZH2_id535	5	5	[0]	[3]	[6]	[0]	[4]
Beta_Catenin_id227+ErbB1_id298	5	5	[2]	[2]	[6]	[0]	[3]
Beta_Catenin_id227+Frizzled_id218	5	5	[0]	[3]	[5]	[0]	[3]
Beta_Catenin_id227+Mcl1_id321	5	5	[1]	[4]	[5]	[0]	[4]
Beta_Catenin_id227+Ras_id32	5	5	[2]	[2]	[6]	[0]	[3]
Beta_Catenin_id227+Rsk_id53	5	5	[0]	[3]	[6]	[0]	[4]
CDK4_id60+Mek_id35	3	7	[0]	[0, 1, 2, 3, 4]	[6]	[0]	[3]
CDK4_id60+Raf_1_id34	3	7	[0]	[0, 1, 2, 3, 4]	[6]	[0]	[3]
COX2_id564+Erk_id36	5	5	[0]	[4]	[6]	[0]	[5]
COX2_id564+Frizzled_id218	5	5	[0]	[3]	[5]	[0]	[3]
COX2_id564+Mek_id35	5	5	[0]	[4]	[6]	[0]	[5]
COX2_id564+Raf_1_id34	5	5	[0]	[4]	[6]	[0]	[5]
E2F_1_id199+p53_id175	2	8	[0]	[1, 2, 3, 4]	[1, 2, 3, 4]	[0]	[0]
EP4_id610+Frizzled_id218	5	5	[0]	[3]	[5]	[0]	[3]
EP4_id610+Mek_id35	5	5	[0]	[4]	[6]	[0]	[5]
EP4_id610+Raf_1_id34	5	5	[0]	[4]	[6]	[0]	[5]
EZH2_id535+ErbB1_id298	5	5	[0]	[4]	[6]	[0]	[5]
EZH2_id535+Ras_id32	5	5	[0]	[4]	[6]	[0]	[5]
Elk_1_id661+ErbB1_id298	5	5	[0]	[4]	[6]	[0]	[5]
Elk_1_id661+Frizzled_id218	5	5	[0]	[3]	[5]	[0]	[3]
Elk_1_id661+Ras_id32	5	5	[0]	[4]	[6]	[0]	[5]
ErbB1_id298+Erk_id36	5	5	[0]	[4]	[6]	[0]	[5]
ErbB1_id298+Ets_2_id38	5	5	[0]	[4]	[6]	[0]	[5]
ErbB1_id298+GSK3_id45	5	5	[0]	[4]	[6]	[0]	[5]
ErbB1_id298+Mcl1_id321	5	5	[1]	[4]	[6]	[0]	[5]
ErbB1_id298+Mek_id35	5	5	[0]	[4]	[6]	[0]	[5]
ErbB1_id298+Raf_1_id34	5	5	[0]	[4]	[6]	[0]	[5]
ErbB1_id298+Ras_id32	5	5	[0]	[4]	[6]	[0]	[5]
ErbB1_id298+Rsk_id53	5	5	[0]	[4]	[6]	[0]	[5]
ErbB1_id298+TGFBeta_id9	5	5	[0]	[4]	[6]	[0]	[5]
ErbB1_id298+TGFR_id8	5	5	[0]	[4]	[6]	[0]	[5]
ErbB1_id298+TRAP1_id20	5	5	[0]	[4]	[6]	[0]	[5]
ErbB1_id298+VEGF_id671	5	5	[0]	[4]	[6]	[0]	[5]
ErbB1_id298+cFos_id662	5	5	[0]	[4]	[6]	[0]	[5]
ErbB1_id298+p15_id22	5	5	[0]	[4]	[6]	[0]	[5]
ErbB1_id298+p16_id61	5	5	[0]	[4]	[6]	[0]	[5]
ErbB1_id298+p21_id19	5	5	[0]	[4]	[6]	[0]	[5]
ErbB1_id298+p27_id62	5	5	[0]	[4]	[6]	[0]	[5]
ErbB1_id298+p38_id617	5	5	[0]	[4]	[6]	[0]	[5]
Erk_id36+PEA3_id563	5	5	[0]	[4]	[6]	[0]	[5]
Erk_id36+Ras_id32	5	5	[0]	[4]	[6]	[0]	[5]
Ets_2_id38+Frizzled_id218	5	5	[0]	[3]	[5]	[0]	[3]
Ets_2_id38+Ras_id32	5	5	[0]	[4]	[6]	[0]	[5]
Frizzled_id218+PEA3_id563	5	5	[0]	[3]	[5]	[0]	[3]
Frizzled_id218+TGFBeta_id9	5	5	[0]	[3]	[5]	[0]	[3]
Frizzled_id218+TGFR_id8	5	5	[0]	[3]	[5]	[0]	[3]
Frizzled_id218+TRAP1_id20	5	5	[0]	[3]	[5]	[0]	[3]
Frizzled_id218+VEGF_id671	5	5	[0]	[3]	[5]	[0]	[3]
Frizzled_id218+cFos_id662	5	5	[0]	[3]	[5]	[0]	[3]
Frizzled_id218+p15_id22	5	5	[0]	[3]	[5]	[0]	[3]
Frizzled_id218+p16_id61	5	5	[0]	[3]	[5]	[0]	[3]
Frizzled_id218+p27_id62	5	5	[0]	[3]	[5]	[0]	[3]
Frizzled_id218+p38_id617	5	5	[0]	[3]	[5]	[0]	[3]
GSK3_id45+Ras_id32	5	5	[0]	[4]	[6]	[0]	[5]
Mcl1_id321+Ras_id32	5	5	[1]	[4]	[6]	[0]	[5]
Mek_id35+PEA3_id563	5	5	[0]	[4]	[6]	[0]	[5]
Mek_id35+Ras_id32	5	5	[0]	[4]	[6]	[0]	[5]
PEA3_id563+Raf_1_id34	5	5	[0]	[4]	[6]	[0]	[5]
Raf_1_id34+Ras_id32	5	5	[0]	[4]	[6]	[0]	[5]
Ras_id32+Rsk_id53	5	5	[0]	[4]	[6]	[0]	[5]
Ras_id32+TGFBeta_id9	5	5	[0]	[4]	[6]	[0]	[5]
Ras_id32+TGFR_id8	5	5	[0]	[4]	[6]	[0]	[5]
Ras_id32+TRAP1_id20	5	5	[0]	[4]	[6]	[0]	[5]
Ras_id32+VEGF_id671	5	5	[0]	[4]	[6]	[0]	[5]
Ras_id32+cFos_id662	5	5	[0]	[4]	[6]	[0]	[5]
Ras_id32+p15_id22	5	5	[0]	[4]	[6]	[0]	[5]
Ras_id32+p16_id61	5	5	[0]	[4]	[6]	[0]	[5]
Ras_id32+p21_id19	5	5	[0]	[4]	[6]	[0]	[5]
Ras_id32+p27_id62	5	5	[0]	[4]	[6]	[0]	[5]
Ras_id32+p38_id617	5	5	[0]	[4]	[6]	[0]	[5]
E2F_1_id199+Noxa_id325	3	6	[0]	[0, 1, 2, 3]	[3]	[0]	[0]
Akt_id40+Frizzled_id218	4	4	[2]	[2]	[5]	[0]	[3]
BAD_id324+ErbB1_id298	4	4	[0]	[4]	[5]	[0]	[5]
BAD_id324+Ras_id32	4	4	[0]	[4]	[5]	[0]	[5]
BIM_id323+Beta_Catenin_id227	4	4	[0]	[3]	[5]	[0]	[4]
Beta_Catenin_id227+COX2_id564	4	4	[0]	[3]	[5]	[0]	[4]
Beta_Catenin_id227+EP4_id610	4	4	[0]	[3]	[5]	[0]	[4]
Beta_Catenin_id227+Elk_1_id661	4	4	[0]	[3]	[5]	[0]	[4]
Beta_Catenin_id227+Ets_2_id38	4	4	[0]	[3]	[5]	[0]	[4]
Beta_Catenin_id227+GSK3_id45	4	4	[0]	[3]	[5]	[0]	[4]
Beta_Catenin_id227+PEA3_id563	4	4	[0]	[3]	[5]	[0]	[4]
Beta_Catenin_id227+TGFBeta_id9	4	4	[0]	[3]	[5]	[0]	[4]
Beta_Catenin_id227+TGFR_id8	4	4	[0]	[3]	[5]	[0]	[4]
Beta_Catenin_id227+TRAP1_id20	4	4	[0]	[3]	[5]	[0]	[4]
Beta_Catenin_id227+VEGF_id671	4	4	[0]	[3]	[5]	[0]	[4]
Beta_Catenin_id227+cFos_id662	4	4	[0]	[3]	[5]	[0]	[4]
Beta_Catenin_id227+p15_id22	4	4	[0]	[3]	[5]	[0]	[4]
Beta_Catenin_id227+p16_id61	4	4	[0]	[3]	[5]	[0]	[4]
Beta_Catenin_id227+p21_id19	4	4	[0]	[3]	[5]	[0]	[4]
Beta_Catenin_id227+p27_id62	4	4	[0]	[3]	[5]	[0]	[4]
Beta_Catenin_id227+p38_id617	4	4	[0]	[3]	[5]	[0]	[4]
ErbB1_id298+Noxa_id325	4	4	[0]	[4]	[5]	[0]	[5]
Frizzled_id218+PI3K_id33	4	4	[2]	[2]	[5]	[0]	[3]
Frizzled_id218+p21_id19	4	4	[0]	[3]	[5]	[0]	[4]
Noxa_id325+Ras_id32	4	4	[0]	[4]	[5]	[0]	[5]
CDK2_id644+EZH2_id535	2	5	[0]	[1, 2, 3, 4]	[5]	[2]	[2]
A1_id357+CDK2_id644	2	4	[1]	[2, 3, 4]	[4]	[2]	[2]
Akt_id40+Beta_Catenin_id227	3	3	[2]	[2]	[5]	[0]	[4]
Akt_id40+ErbB1_id298	3	3	[2]	[2]	[6]	[0]	[5]
Akt_id40+Erk_id36	3	3	[2]	[2]	[6]	[0]	[5]
Akt_id40+Mek_id35	3	3	[2]	[2]	[6]	[0]	[5]
Akt_id40+Raf_1_id34	3	3	[2]	[2]	[6]	[0]	[5]
Akt_id40+Ras_id32	3	3	[2]	[2]	[6]	[0]	[5]
BAD_id324+Frizzled_id218	3	3	[0]	[1]	[5]	[0]	[3]
Bcl_2_id319+CDK2_id644	2	4	[1]	[2, 3, 4]	[4]	[2]	[2]
Bcl_W_id356+CDK2_id644	2	4	[1]	[2, 3, 4]	[4]	[2]	[2]
Bcl_xl_id320+CDK2_id644	2	4	[1]	[2, 3, 4]	[4]	[2]	[2]
Beta_Catenin_id227+PI3K_id33	3	3	[2]	[2]	[5]	[0]	[4]
Beta_Catenin_id227+PTEN_id531	3	3	[0]	[3]	[4]	[0]	[4]
CDK2_id644+Erk_id36	3	3	[0]	[0]	[6]	[1]	[2]
CDK2_id644+Mcl1_id321	2	4	[1]	[2, 3, 4]	[4]	[2]	[2]
CDK2_id644+VEGF_id671	3	3	[0]	[4]	[3]	[2]	[2]
CDK2_id644+p38_id617	3	3	[0]	[4]	[3]	[2]	[2]
CDK4_id60+Erk_id36	3	3	[0]	[0]	[6]	[0]	[3]
COX2_id564+ErbB1_id298	3	3	[2]	[2]	[6]	[0]	[5]
COX2_id564+Ras_id32	3	3	[2]	[2]	[6]	[0]	[5]
E2F_1_id199+PTEN_id531	3	3	[0]	[1]	[2]	[0]	[0]
EP4_id610+ErbB1_id298	3	3	[2]	[2]	[6]	[0]	[5]
EP4_id610+Ras_id32	3	3	[2]	[2]	[6]	[0]	[5]
ErbB1_id298+PEA3_id563	3	3	[2]	[2]	[6]	[0]	[5]
ErbB1_id298+PI3K_id33	3	3	[2]	[2]	[6]	[0]	[5]
ErbB1_id298+PTEN_id531	3	3	[0]	[4]	[4]	[0]	[5]
Erk_id36+PI3K_id33	3	3	[2]	[2]	[6]	[0]	[5]
Frizzled_id218+Noxa_id325	3	3	[0]	[3]	[3]	[0]	[3]
Frizzled_id218+PTEN_id531	3	3	[0]	[3]	[4]	[0]	[4]
Mek_id35+PI3K_id33	3	3	[2]	[2]	[6]	[0]	[5]
PEA3_id563+Ras_id32	3	3	[2]	[2]	[6]	[0]	[5]
PI3K_id33+Raf_1_id34	3	3	[2]	[2]	[6]	[0]	[5]
PI3K_id33+Ras_id32	3	3	[2]	[2]	[6]	[0]	[5]
PTEN_id531+Ras_id32	3	3	[0]	[4]	[4]	[0]	[5]
A1_id357+Mek_id35	0	5	[1]	[0, 1, 2, 3, 4]	[6]	[0, 1]	[5]
A1_id357+Raf_1_id34	0	5	[1]	[0, 1, 2, 3, 4]	[6]	[0, 1]	[5]
Bcl_2_id319+Mek_id35	0	5	[1]	[0, 1, 2, 3, 4]	[6]	[0, 1]	[5]
Bcl_2_id319+Raf_1_id34	0	5	[1]	[0, 1, 2, 3, 4]	[6]	[0, 1]	[5]
Bcl_W_id356+Mek_id35	0	5	[1]	[0, 1, 2, 3, 4]	[6]	[0, 1]	[5]
Bcl_W_id356+Raf_1_id34	0	5	[1]	[0, 1, 2, 3, 4]	[6]	[0, 1]	[5]
Bcl_xl_id320+Mek_id35	0	5	[1]	[0, 1, 2, 3, 4]	[6]	[0, 1]	[5]
Bcl_xl_id320+Raf_1_id34	0	5	[1]	[0, 1, 2, 3, 4]	[6]	[0, 1]	[5]
CDK2_id644+COX2_id564	-1	6	[0]	[0, 1, 2, 3, 4, 5, 6]	[3]	[1, 2]	[2]
CDK2_id644+EP4_id610	-1	6	[0]	[0, 1, 2, 3, 4, 5, 6]	[3]	[1, 2]	[2]
CDK2_id644+PEA3_id563	-1	6	[0]	[0, 1, 2, 3, 4, 5, 6]	[3]	[1, 2]	[2]
CDK4_id60+EZH2_id535	1	4	[0]	[1, 2, 3, 4]	[5]	[2]	[3]
EP4_id610+Erk_id36	0	5	[0]	[0, 1, 2, 3, 4]	[6]	[0, 1]	[5]
EZH2_id535+Mek_id35	0	5	[0]	[0, 1, 2, 3, 4]	[6]	[0, 1]	[5]
EZH2_id535+Raf_1_id34	0	5	[0]	[0, 1, 2, 3, 4]	[6]	[0, 1]	[5]
Elk_1_id661+Mek_id35	0	5	[0]	[0, 1, 2, 3, 4]	[6]	[0, 1]	[5]
Elk_1_id661+Raf_1_id34	0	5	[0]	[0, 1, 2, 3, 4]	[6]	[0, 1]	[5]
Erk_id36+Mek_id35	0	5	[0]	[0, 1, 2, 3, 4]	[6]	[0, 1]	[5]
Erk_id36+Raf_1_id34	0	5	[0]	[0, 1, 2, 3, 4]	[6]	[0, 1]	[5]
Erk_id36+VEGF_id671	0	5	[0]	[0, 1, 2, 3, 4]	[6]	[0, 1]	[5]
Erk_id36+p38_id617	0	5	[0]	[0, 1, 2, 3, 4]	[6]	[0, 1]	[5]
Ets_2_id38+Mek_id35	0	5	[0]	[0, 1, 2, 3, 4]	[6]	[0, 1]	[5]
Ets_2_id38+Raf_1_id34	0	5	[0]	[0, 1, 2, 3, 4]	[6]	[0, 1]	[5]
GSK3_id45+Mek_id35	0	5	[0]	[0, 1, 2, 3, 4]	[6]	[0, 1]	[5]
GSK3_id45+Raf_1_id34	0	5	[0]	[0, 1, 2, 3, 4]	[6]	[0, 1]	[5]
Mcl1_id321+Mek_id35	0	5	[1]	[0, 1, 2, 3, 4]	[6]	[0, 1]	[5]
Mcl1_id321+Raf_1_id34	0	5	[1]	[0, 1, 2, 3, 4]	[6]	[0, 1]	[5]
Mek_id35+Raf_1_id34	0	5	[0]	[0, 1, 2, 3, 4]	[6]	[0, 1]	[5]
Mek_id35+Rsk_id53	0	5	[0]	[0, 1, 2, 3, 4]	[6]	[0, 1]	[5]
Mek_id35+TGFBeta_id9	0	5	[0]	[0, 1, 2, 3, 4]	[6]	[0, 1]	[5]
Mek_id35+TGFR_id8	0	5	[0]	[0, 1, 2, 3, 4]	[6]	[0, 1]	[5]
Mek_id35+TRAP1_id20	0	5	[0]	[0, 1, 2, 3, 4]	[6]	[0, 1]	[5]
Mek_id35+VEGF_id671	0	5	[0]	[0, 1, 2, 3, 4]	[6]	[0, 1]	[5]
Mek_id35+cFos_id662	0	5	[0]	[0, 1, 2, 3, 4]	[6]	[0, 1]	[5]
Mek_id35+p15_id22	0	5	[0]	[0, 1, 2, 3, 4]	[6]	[0, 1]	[5]
Mek_id35+p16_id61	0	5	[0]	[0, 1, 2, 3, 4]	[6]	[0, 1]	[5]
Mek_id35+p21_id19	0	5	[0]	[0, 1, 2, 3, 4]	[6]	[0, 1]	[5]
Mek_id35+p27_id62	0	5	[0]	[0, 1, 2, 3, 4]	[6]	[0, 1]	[5]
Mek_id35+p38_id617	0	5	[0]	[0, 1, 2, 3, 4]	[6]	[0, 1]	[5]
Raf_1_id34+Rsk_id53	0	5	[0]	[0, 1, 2, 3, 4]	[6]	[0, 1]	[5]
Raf_1_id34+TGFBeta_id9	0	5	[0]	[0, 1, 2, 3, 4]	[6]	[0, 1]	[5]
Raf_1_id34+TGFR_id8	0	5	[0]	[0, 1, 2, 3, 4]	[6]	[0, 1]	[5]
Raf_1_id34+TRAP1_id20	0	5	[0]	[0, 1, 2, 3, 4]	[6]	[0, 1]	[5]
Raf_1_id34+VEGF_id671	0	5	[0]	[0, 1, 2, 3, 4]	[6]	[0, 1]	[5]
Raf_1_id34+cFos_id662	0	5	[0]	[0, 1, 2, 3, 4]	[6]	[0, 1]	[5]
Raf_1_id34+p15_id22	0	5	[0]	[0, 1, 2, 3, 4]	[6]	[0, 1]	[5]
Raf_1_id34+p16_id61	0	5	[0]	[0, 1, 2, 3, 4]	[6]	[0, 1]	[5]
Raf_1_id34+p21_id19	0	5	[0]	[0, 1, 2, 3, 4]	[6]	[0, 1]	[5]
Raf_1_id34+p27_id62	0	5	[0]	[0, 1, 2, 3, 4]	[6]	[0, 1]	[5]
Raf_1_id34+p38_id617	0	5	[0]	[0, 1, 2, 3, 4]	[6]	[0, 1]	[5]
A1_id357+CDK4_id60	1	3	[1]	[2, 3, 4]	[4]	[2]	[3]
ARF_id177+Beta_Catenin_id227	2	2	[0]	[3]	[3]	[0]	[4]
ARF_id177+ErbB1_id298	2	2	[0]	[4]	[3]	[0]	[5]
ARF_id177+Frizzled_id218	2	2	[0]	[3]	[3]	[0]	[4]
ARF_id177+Ras_id32	2	2	[0]	[4]	[3]	[0]	[5]
Akt_id40+CDK2_id644	1	3	[2]	[2, 3]	[3]	[1, 2]	[2]
BAD_id324+Beta_Catenin_id227	2	2	[0]	[1]	[5]	[0]	[4]
Bcl_2_id319+CDK4_id60	1	3	[1]	[2, 3, 4]	[4]	[2]	[3]
Bcl_W_id356+CDK4_id60	1	3	[1]	[2, 3, 4]	[4]	[2]	[3]
Bcl_xl_id320+CDK4_id60	1	3	[1]	[2, 3, 4]	[4]	[2]	[3]
Beta_Catenin_id227+Noxa_id325	2	2	[0]	[3]	[3]	[0]	[4]
Beta_Catenin_id227+p53_id175	2	2	[0]	[3]	[3]	[0]	[4]
CDK2_id644+Elk_1_id661	-1	5	[0]	[0, 1, 2, 3, 4]	[3]	[0, 1, 2]	[2]
CDK2_id644+PI3K_id33	1	3	[2]	[2, 3]	[3]	[1, 2]	[2]
CDK2_id644+cFos_id662	-1	5	[0]	[0, 1, 2, 3, 4]	[3]	[0, 1, 2]	[2]
CDK4_id60+COX2_id564	-2	6	[0]	[0, 1, 2, 3, 4, 5, 6]	[3]	[0, 1, 2]	[3]
CDK4_id60+EP4_id610	-2	6	[0]	[0, 1, 2, 3, 4, 5, 6]	[3]	[0, 1, 2]	[3]
CDK4_id60+Mcl1_id321	1	3	[1]	[2, 3, 4]	[4]	[2]	[3]
CDK4_id60+PEA3_id563	-2	6	[0]	[0, 1, 2, 3, 4, 5, 6]	[3]	[0, 1, 2]	[3]
CDK4_id60+VEGF_id671	2	2	[0]	[4]	[3]	[2]	[3]
CDK4_id60+p38_id617	2	2	[0]	[4]	[3]	[2]	[3]
ErbB1_id298+HIF1_id558	2	2	[0]	[1]	[6]	[0]	[5]
ErbB1_id298+p53_id175	2	2	[0]	[4]	[3]	[0]	[5]
Frizzled_id218+HIF1_id558	2	2	[0]	[0]	[5]	[0]	[3]
Frizzled_id218+p53_id175	2	2	[0]	[3]	[3]	[0]	[4]
HIF1_id558+Ras_id32	2	2	[0]	[1]	[6]	[0]	[5]
Ras_id32+p53_id175	2	2	[0]	[4]	[3]	[0]	[5]
Akt_id40+CDK4_id60	0	3	[2]	[2, 3]	[3]	[0, 1, 2]	[3]
BAD_id324+Mek_id35	-1	4	[0]	[0, 1, 2, 3, 4]	[5]	[0, 1]	[5]
BAD_id324+Raf_1_id34	-1	4	[0]	[0, 1, 2, 3, 4]	[5]	[0, 1]	[5]
BIM_id323+CDK2_id644	0	3	[0]	[1, 2, 3, 4]	[3]	[2]	[2]
CDK2_id644+Ets_2_id38	-1	4	[0]	[0, 1, 2, 3, 4]	[3]	[1, 2]	[2]
CDK2_id644+GSK3_id45	0	3	[1]	[1, 2, 3, 4]	[3]	[2]	[2]
CDK2_id644+Rsk_id53	0	3	[0]	[1, 2, 3, 4]	[3]	[2]	[2]
CDK2_id644+TGFBeta_id9	0	3	[0]	[1, 2, 3, 4]	[3]	[2]	[2]
CDK2_id644+TGFR_id8	0	3	[0]	[1, 2, 3, 4]	[3]	[2]	[2]
CDK2_id644+TRAP1_id20	0	3	[0]	[1, 2, 3, 4]	[3]	[2]	[2]
CDK2_id644+p15_id22	0	3	[0]	[1, 2, 3, 4]	[3]	[2]	[2]
CDK2_id644+p16_id61	0	3	[0]	[1, 2, 3, 4]	[3]	[2]	[2]
CDK2_id644+p21_id19	0	3	[0]	[1, 2, 3, 4]	[3]	[2]	[2]
CDK2_id644+p27_id62	0	3	[0]	[1, 2, 3, 4]	[3]	[2]	[2]
CDK4_id60+PI3K_id33	0	3	[2]	[2, 3]	[3]	[0, 1, 2]	[3]
Mek_id35+Noxa_id325	-1	4	[0]	[0, 1, 2, 3, 4]	[5]	[0, 1]	[5]
Noxa_id325+Raf_1_id34	-1	4	[0]	[0, 1, 2, 3, 4]	[5]	[0, 1]	[5]
A1_id357+Erk_id36	1	1	[1]	[1]	[6]	[1]	[5]
ARF_id177+CDK2_id644	-2	4	[0]	[1, 2, 3, 4]	[1, 2, 3, 4]	[2]	[2]
BIM_id323+ErbB1_id298	1	1	[0]	[3]	[3]	[0]	[5]
BIM_id323+Ras_id32	1	1	[0]	[3]	[3]	[0]	[5]
Bcl_2_id319+Erk_id36	1	1	[1]	[1]	[6]	[1]	[5]
Bcl_W_id356+Erk_id36	1	1	[1]	[1]	[6]	[1]	[5]
Bcl_xl_id320+Erk_id36	1	1	[1]	[1]	[6]	[1]	[5]
Beta_Catenin_id227+HIF1_id558	1	1	[0]	[0]	[5]	[0]	[4]
CDK2_id644+p53_id175	-2	4	[0]	[1, 2, 3, 4]	[1, 2, 3, 4]	[2]	[2]
CDK4_id60+Elk_1_id661	-2	4	[0]	[0, 1, 2, 3, 4]	[3]	[0, 1, 2]	[3]
CDK4_id60+Ets_2_id38	-2	4	[0]	[0, 1, 2, 3, 4]	[3]	[0, 1, 2]	[3]
CDK4_id60+cFos_id662	-2	4	[0]	[0, 1, 2, 3, 4]	[3]	[0, 1, 2]	[3]
Erk_id36+Mcl1_id321	1	1	[1]	[1]	[6]	[1]	[5]
ARF_id177+Mek_id35	-2	3	[0]	[0, 1, 2, 3, 4]	[4]	[0, 1]	[5]
ARF_id177+Raf_1_id34	-2	3	[0]	[0, 1, 2, 3, 4]	[4]	[0, 1]	[5]
BAD_id324+CDK2_id644	-1	2	[0]	[0, 1, 2, 3]	[3]	[2]	[2]
BIM_id323+CDK4_id60	-1	2	[0]	[1, 2, 3, 4]	[3]	[2]	[3]
CDK2_id644+Noxa_id325	-1	2	[0]	[0, 1, 2, 3]	[3]	[2]	[2]
CDK4_id60+GSK3_id45	-1	2	[1]	[1, 2, 3, 4]	[3]	[2]	[3]
CDK4_id60+Rsk_id53	-1	2	[0]	[1, 2, 3, 4]	[3]	[2]	[3]
CDK4_id60+TGFBeta_id9	-1	2	[0]	[1, 2, 3, 4]	[3]	[2]	[3]
CDK4_id60+TGFR_id8	-1	2	[0]	[1, 2, 3, 4]	[3]	[2]	[3]
CDK4_id60+TRAP1_id20	-1	2	[0]	[1, 2, 3, 4]	[3]	[2]	[3]
CDK4_id60+p15_id22	-1	2	[0]	[1, 2, 3, 4]	[3]	[2]	[3]
CDK4_id60+p16_id61	-1	2	[0]	[1, 2, 3, 4]	[3]	[2]	[3]
CDK4_id60+p21_id19	-1	2	[0]	[1, 2, 3, 4]	[3]	[2]	[3]
CDK4_id60+p27_id62	-1	2	[0]	[1, 2, 3, 4]	[3]	[2]	[3]
A1_id357+COX2_id564	-4	4	[1]	[1, 2, 3, 4, 5, 6]	[4]	[1, 2, 3, 4]	[5]
A1_id357+EP4_id610	-4	4	[1]	[1, 2, 3, 4, 5, 6]	[4]	[1, 2, 3, 4]	[5]
A1_id357+PEA3_id563	-4	4	[1]	[1, 2, 3, 4, 5, 6]	[4]	[1, 2, 3, 4]	[5]
ARF_id177+CDK4_id60	-3	3	[0]	[1, 2, 3, 4]	[1, 2, 3, 4]	[2]	[3]
BAXBAK_id318+E2F_1_id199	0	0	[0]	[0]	[0]	[0]	[0]
Bcl_2_id319+COX2_id564	-4	4	[1]	[1, 2, 3, 4, 5, 6]	[4]	[1, 2, 3, 4]	[5]
Bcl_2_id319+EP4_id610	-4	4	[1]	[1, 2, 3, 4, 5, 6]	[4]	[1, 2, 3, 4]	[5]
Bcl_2_id319+PEA3_id563	-4	4	[1]	[1, 2, 3, 4, 5, 6]	[4]	[1, 2, 3, 4]	[5]
Bcl_W_id356+COX2_id564	-4	4	[1]	[1, 2, 3, 4, 5, 6]	[4]	[1, 2, 3, 4]	[5]
Bcl_W_id356+EP4_id610	-4	4	[1]	[1, 2, 3, 4, 5, 6]	[4]	[1, 2, 3, 4]	[5]
Bcl_W_id356+PEA3_id563	-4	4	[1]	[1, 2, 3, 4, 5, 6]	[4]	[1, 2, 3, 4]	[5]
Bcl_xl_id320+COX2_id564	-4	4	[1]	[1, 2, 3, 4, 5, 6]	[4]	[1, 2, 3, 4]	[5]
Bcl_xl_id320+EP4_id610	-4	4	[1]	[1, 2, 3, 4, 5, 6]	[4]	[1, 2, 3, 4]	[5]
Bcl_xl_id320+PEA3_id563	-4	4	[1]	[1, 2, 3, 4, 5, 6]	[4]	[1, 2, 3, 4]	[5]
CDK2_id644+HIF1_id558	0	0	[0]	[1]	[3]	[2]	[2]
CDK4_id60+p53_id175	-3	3	[0]	[1, 2, 3, 4]	[1, 2, 3, 4]	[2]	[3]
COX2_id564+Elk_1_id661	0	0	[0]	[3]	[3]	[1]	[5]
COX2_id564+Ets_2_id38	0	0	[0]	[3]	[3]	[1]	[5]
COX2_id564+Mcl1_id321	-4	4	[1]	[1, 2, 3, 4, 5, 6]	[4]	[1, 2, 3, 4]	[5]
COX2_id564+cFos_id662	0	0	[0]	[3]	[3]	[1]	[5]
Caspase3_id317+E2F_1_id199	0	0	[0]	[0]	[0]	[0]	[0]
Caspase9_id343+E2F_1_id199	0	0	[0]	[0]	[0]	[0]	[0]
EP4_id610+Mcl1_id321	-4	4	[1]	[1, 2, 3, 4, 5, 6]	[4]	[1, 2, 3, 4]	[5]
EZH2_id535+Elk_1_id661	-4	4	[0]	[0, 1, 2, 3, 4]	[5]	[0, 1, 2, 3, 4]	[5]
EZH2_id535+Erk_id36	0	0	[0]	[0]	[6]	[1]	[5]
EZH2_id535+VEGF_id671	0	0	[0]	[4]	[5]	[4]	[5]
EZH2_id535+cFos_id662	-4	4	[0]	[0, 1, 2, 3, 4]	[5]	[0, 1, 2, 3, 4]	[5]
EZH2_id535+p38_id617	0	0	[0]	[4]	[5]	[4]	[5]
Elk_1_id661+Erk_id36	0	0	[0]	[0]	[6]	[1]	[5]
Elk_1_id661+PEA3_id563	0	0	[0]	[3]	[3]	[1]	[5]
Erk_id36+Ets_2_id38	0	0	[0]	[0]	[6]	[1]	[5]
Erk_id36+GSK3_id45	0	0	[0]	[0]	[6]	[1]	[5]
Erk_id36+HIF1_id558	0	0	[0]	[0]	[6]	[1]	[5]
Erk_id36+Rsk_id53	0	0	[0]	[0]	[6]	[1]	[5]
Erk_id36+TGFBeta_id9	0	0	[0]	[0]	[6]	[1]	[5]
Erk_id36+TGFR_id8	0	0	[0]	[0]	[6]	[1]	[5]
Erk_id36+TRAP1_id20	0	0	[0]	[0]	[6]	[1]	[5]
Erk_id36+cFos_id662	0	0	[0]	[0]	[6]	[1]	[5]
Erk_id36+p15_id22	0	0	[0]	[0]	[6]	[1]	[5]
Erk_id36+p16_id61	0	0	[0]	[0]	[6]	[1]	[5]
Erk_id36+p21_id19	0	0	[0]	[0]	[6]	[1]	[5]
Erk_id36+p27_id62	0	0	[0]	[0]	[6]	[1]	[5]
Ets_2_id38+PEA3_id563	0	0	[0]	[3]	[3]	[1]	[5]
HIF1_id558+Mek_id35	0	0	[0]	[0]	[6]	[1]	[5]
HIF1_id558+Raf_1_id34	0	0	[0]	[0]	[6]	[1]	[5]
Mcl1_id321+PEA3_id563	-4	4	[1]	[1, 2, 3, 4, 5, 6]	[4]	[1, 2, 3, 4]	[5]
PEA3_id563+cFos_id662	0	0	[0]	[3]	[3]	[1]	[5]
A1_id357+Bcl_2_id319	-1	0	[2]	[3, 4]	[5]	[4]	[5]
A1_id357+Bcl_W_id356	-1	0	[2]	[3, 4]	[5]	[4]	[5]
A1_id357+Bcl_xl_id320	-1	0	[2]	[3, 4]	[5]	[4]	[5]
BAD_id324+CDK4_id60	-2	1	[0]	[0, 1, 2, 3]	[3]	[2]	[3]
BIM_id323+Mek_id35	-3	2	[0]	[0, 1, 2, 3, 4]	[3]	[0, 1]	[5]
BIM_id323+Raf_1_id34	-3	2	[0]	[0, 1, 2, 3, 4]	[3]	[0, 1]	[5]
Bcl_2_id319+Bcl_W_id356	-1	0	[1]	[3, 4]	[5]	[4]	[5]
Bcl_2_id319+Bcl_xl_id320	-1	0	[1]	[3, 4]	[5]	[4]	[5]
Bcl_2_id319+Mcl1_id321	-1	0	[2]	[3, 4]	[5]	[4]	[5]
Bcl_W_id356+Bcl_xl_id320	-1	0	[1]	[3, 4]	[5]	[4]	[5]
Bcl_W_id356+Mcl1_id321	-1	0	[2]	[3, 4]	[5]	[4]	[5]
Bcl_xl_id320+Mcl1_id321	-1	0	[2]	[3, 4]	[5]	[4]	[5]
CDK4_id60+Noxa_id325	-2	1	[0]	[0, 1, 2, 3]	[3]	[2]	[3]
EZH2_id535+Ets_2_id38	-4	3	[0]	[0, 1, 2, 3, 4]	[5]	[1, 2, 3, 4]	[5]
EZH2_id535+Rsk_id53	-2	1	[0]	[1, 2, 3, 4]	[6]	[4]	[5]
Mek_id35+p53_id175	-2	1	[0]	[0, 1, 2]	[4]	[0, 1]	[5]
Raf_1_id34+p53_id175	-2	1	[0]	[0, 1, 2]	[4]	[0, 1]	[5]
A1_id357+EZH2_id535	-2	0	[1]	[2, 3, 4]	[5]	[4]	[5]
A1_id357+Elk_1_id661	-5	3	[1]	[0, 1, 2, 3, 4]	[4]	[0, 1, 2, 3, 4]	[5]
A1_id357+VEGF_id671	-1	-1	[1]	[4]	[4]	[4]	[5]
A1_id357+cFos_id662	-5	3	[1]	[0, 1, 2, 3, 4]	[4]	[0, 1, 2, 3, 4]	[5]
A1_id357+p38_id617	-1	-1	[1]	[4]	[4]	[4]	[5]
ARF_id177+VEGF_id671	-1	-1	[0]	[4]	[4]	[4]	[5]
ARF_id177+p38_id617	-1	-1	[0]	[4]	[4]	[4]	[5]
Akt_id40+EZH2_id535	-1	-1	[2]	[3]	[5]	[4]	[5]
Akt_id40+Elk_1_id661	-1	-1	[2]	[2]	[3]	[1]	[5]
Akt_id40+Ets_2_id38	-1	-1	[2]	[2]	[3]	[1]	[5]
Akt_id40+cFos_id662	-1	-1	[2]	[2]	[3]	[1]	[5]
BAD_id324+Erk_id36	-1	-1	[0]	[0]	[5]	[1]	[5]
Bcl_2_id319+EZH2_id535	-2	0	[1]	[2, 3, 4]	[5]	[4]	[5]
Bcl_2_id319+Elk_1_id661	-5	3	[1]	[0, 1, 2, 3, 4]	[4]	[0, 1, 2, 3, 4]	[5]
Bcl_2_id319+VEGF_id671	-1	-1	[1]	[4]	[4]	[4]	[5]
Bcl_2_id319+cFos_id662	-5	3	[1]	[0, 1, 2, 3, 4]	[4]	[0, 1, 2, 3, 4]	[5]
Bcl_2_id319+p38_id617	-1	-1	[1]	[4]	[4]	[4]	[5]
Bcl_W_id356+EZH2_id535	-2	0	[1]	[2, 3, 4]	[5]	[4]	[5]
Bcl_W_id356+Elk_1_id661	-5	3	[1]	[0, 1, 2, 3, 4]	[4]	[0, 1, 2, 3, 4]	[5]
Bcl_W_id356+VEGF_id671	-1	-1	[1]	[4]	[4]	[4]	[5]
Bcl_W_id356+cFos_id662	-5	3	[1]	[0, 1, 2, 3, 4]	[4]	[0, 1, 2, 3, 4]	[5]
Bcl_W_id356+p38_id617	-1	-1	[1]	[4]	[4]	[4]	[5]
Bcl_xl_id320+EZH2_id535	-2	0	[1]	[2, 3, 4]	[5]	[4]	[5]
Bcl_xl_id320+Elk_1_id661	-5	3	[1]	[0, 1, 2, 3, 4]	[4]	[0, 1, 2, 3, 4]	[5]
Bcl_xl_id320+VEGF_id671	-1	-1	[1]	[4]	[4]	[4]	[5]
Bcl_xl_id320+cFos_id662	-5	3	[1]	[0, 1, 2, 3, 4]	[4]	[0, 1, 2, 3, 4]	[5]
Bcl_xl_id320+p38_id617	-1	-1	[1]	[4]	[4]	[4]	[5]
CDK4_id60+HIF1_id558	-1	-1	[0]	[1]	[3]	[2]	[3]
COX2_id564+EZH2_id535	-1	-1	[0]	[3]	[5]	[4]	[5]
COX2_id564+PTEN_id531	-1	-1	[0]	[4]	[4]	[4]	[5]
EP4_id610+EZH2_id535	-1	-1	[0]	[3]	[5]	[4]	[5]
EZH2_id535+Mcl1_id321	-2	0	[1]	[2, 3, 4]	[5]	[4]	[5]
EZH2_id535+PEA3_id563	-1	-1	[0]	[3]	[5]	[4]	[5]
EZH2_id535+PI3K_id33	-1	-1	[2]	[3]	[5]	[4]	[5]
Elk_1_id661+Mcl1_id321	-5	3	[1]	[0, 1, 2, 3, 4]	[4]	[0, 1, 2, 3, 4]	[5]
Elk_1_id661+PI3K_id33	-1	-1	[2]	[2]	[3]	[1]	[5]
Erk_id36+Noxa_id325	-1	-1	[0]	[0]	[5]	[1]	[5]
Ets_2_id38+PI3K_id33	-1	-1	[2]	[2]	[3]	[1]	[5]
Mcl1_id321+VEGF_id671	-1	-1	[1]	[4]	[4]	[4]	[5]
Mcl1_id321+cFos_id662	-5	3	[1]	[0, 1, 2, 3, 4]	[4]	[0, 1, 2, 3, 4]	[5]
Mcl1_id321+p38_id617	-1	-1	[1]	[4]	[4]	[4]	[5]
PEA3_id563+PTEN_id531	-1	-1	[0]	[4]	[4]	[4]	[5]
PI3K_id33+cFos_id662	-1	-1	[2]	[2]	[3]	[1]	[5]
VEGF_id671+p53_id175	-1	-1	[0]	[4]	[4]	[4]	[5]
p38_id617+p53_id175	-1	-1	[0]	[4]	[4]	[4]	[5]
A1_id357+Ets_2_id38	-5	2	[1]	[0, 1, 2, 3, 4]	[4]	[1, 2, 3, 4]	[5]
ARF_id177+COX2_id564	-6	3	[0]	[0, 1, 2, 3, 4, 5, 6]	[3]	[1, 2, 3, 4]	[5]
ARF_id177+EP4_id610	-6	3	[0]	[0, 1, 2, 3, 4, 5, 6]	[3]	[1, 2, 3, 4]	[5]
ARF_id177+PEA3_id563	-6	3	[0]	[0, 1, 2, 3, 4, 5, 6]	[3]	[1, 2, 3, 4]	[5]
BAD_id324+COX2_id564	-6	3	[0]	[0, 1, 2, 3, 4, 5, 6]	[3]	[1, 2, 3, 4]	[5]
BAD_id324+EP4_id610	-6	3	[0]	[0, 1, 2, 3, 4, 5, 6]	[3]	[1, 2, 3, 4]	[5]
BAD_id324+PEA3_id563	-6	3	[0]	[0, 1, 2, 3, 4, 5, 6]	[3]	[1, 2, 3, 4]	[5]
BIM_id323+COX2_id564	-6	3	[0]	[0, 1, 2, 3, 4, 5, 6]	[3]	[1, 2, 3, 4]	[5]
BIM_id323+EP4_id610	-6	3	[0]	[0, 1, 2, 3, 4, 5, 6]	[3]	[1, 2, 3, 4]	[5]
BIM_id323+PEA3_id563	-6	3	[0]	[0, 1, 2, 3, 4, 5, 6]	[3]	[1, 2, 3, 4]	[5]
Bcl_2_id319+Ets_2_id38	-5	2	[1]	[0, 1, 2, 3, 4]	[4]	[1, 2, 3, 4]	[5]
Bcl_W_id356+Ets_2_id38	-5	2	[1]	[0, 1, 2, 3, 4]	[4]	[1, 2, 3, 4]	[5]
Bcl_xl_id320+Ets_2_id38	-5	2	[1]	[0, 1, 2, 3, 4]	[4]	[1, 2, 3, 4]	[5]
COX2_id564+EP4_id610	-6	3	[0]	[0, 1, 2, 3, 4, 5, 6]	[3]	[1, 2, 3, 4]	[5]
COX2_id564+Noxa_id325	-6	3	[0]	[0, 1, 2, 3, 4, 5, 6]	[3]	[1, 2, 3, 4]	[5]
COX2_id564+PEA3_id563	-6	3	[0]	[0, 1, 2, 3, 4, 5, 6]	[3]	[1, 2, 3, 4]	[5]
COX2_id564+Rsk_id53	-6	3	[0]	[0, 1, 2, 3, 4, 5, 6]	[3]	[1, 2, 3, 4]	[5]
COX2_id564+TGFBeta_id9	-6	3	[0]	[0, 1, 2, 3, 4, 5, 6]	[3]	[1, 2, 3, 4]	[5]
COX2_id564+TGFR_id8	-6	3	[0]	[0, 1, 2, 3, 4, 5, 6]	[3]	[1, 2, 3, 4]	[5]
COX2_id564+TRAP1_id20	-6	3	[0]	[0, 1, 2, 3, 4, 5, 6]	[3]	[1, 2, 3, 4]	[5]
COX2_id564+VEGF_id671	-6	3	[0]	[0, 1, 2, 3, 4, 5, 6]	[3]	[1, 2, 3, 4]	[5]
COX2_id564+p15_id22	-6	3	[0]	[0, 1, 2, 3, 4, 5, 6]	[3]	[1, 2, 3, 4]	[5]
COX2_id564+p16_id61	-6	3	[0]	[0, 1, 2, 3, 4, 5, 6]	[3]	[1, 2, 3, 4]	[5]
COX2_id564+p21_id19	-6	3	[0]	[0, 1, 2, 3, 4, 5, 6]	[3]	[1, 2, 3, 4]	[5]
COX2_id564+p27_id62	-6	3	[0]	[0, 1, 2, 3, 4, 5, 6]	[3]	[1, 2, 3, 4]	[5]
COX2_id564+p38_id617	-6	3	[0]	[0, 1, 2, 3, 4, 5, 6]	[3]	[1, 2, 3, 4]	[5]
COX2_id564+p53_id175	-6	3	[0]	[0, 1, 2, 3, 4, 5, 6]	[3]	[1, 2, 3, 4]	[5]
EP4_id610+Elk_1_id661	-3	0	[0]	[0, 1, 2, 3]	[3]	[1]	[5]
EP4_id610+Ets_2_id38	-3	0	[0]	[0, 1, 2, 3]	[3]	[1]	[5]
EP4_id610+Noxa_id325	-6	3	[0]	[0, 1, 2, 3, 4, 5, 6]	[3]	[1, 2, 3, 4]	[5]
EP4_id610+PEA3_id563	-6	3	[0]	[0, 1, 2, 3, 4, 5, 6]	[3]	[1, 2, 3, 4]	[5]
EP4_id610+Rsk_id53	-6	3	[0]	[0, 1, 2, 3, 4, 5, 6]	[3]	[1, 2, 3, 4]	[5]
EP4_id610+TGFBeta_id9	-6	3	[0]	[0, 1, 2, 3, 4, 5, 6]	[3]	[1, 2, 3, 4]	[5]
EP4_id610+TGFR_id8	-6	3	[0]	[0, 1, 2, 3, 4, 5, 6]	[3]	[1, 2, 3, 4]	[5]
EP4_id610+TRAP1_id20	-6	3	[0]	[0, 1, 2, 3, 4, 5, 6]	[3]	[1, 2, 3, 4]	[5]
EP4_id610+VEGF_id671	-6	3	[0]	[0, 1, 2, 3, 4, 5, 6]	[3]	[1, 2, 3, 4]	[5]
EP4_id610+cFos_id662	-3	0	[0]	[0, 1, 2, 3]	[3]	[1]	[5]
EP4_id610+p15_id22	-6	3	[0]	[0, 1, 2, 3, 4, 5, 6]	[3]	[1, 2, 3, 4]	[5]
EP4_id610+p16_id61	-6	3	[0]	[0, 1, 2, 3, 4, 5, 6]	[3]	[1, 2, 3, 4]	[5]
EP4_id610+p21_id19	-6	3	[0]	[0, 1, 2, 3, 4, 5, 6]	[3]	[1, 2, 3, 4]	[5]
EP4_id610+p27_id62	-6	3	[0]	[0, 1, 2, 3, 4, 5, 6]	[3]	[1, 2, 3, 4]	[5]
EP4_id610+p38_id617	-6	3	[0]	[0, 1, 2, 3, 4, 5, 6]	[3]	[1, 2, 3, 4]	[5]
EP4_id610+p53_id175	-6	3	[0]	[0, 1, 2, 3, 4, 5, 6]	[3]	[1, 2, 3, 4]	[5]
EZH2_id535+GSK3_id45	-3	0	[1]	[1, 2, 3, 4]	[5]	[4]	[5]
EZH2_id535+TGFBeta_id9	-3	0	[0]	[1, 2, 3, 4]	[5]	[4]	[5]
EZH2_id535+TGFR_id8	-3	0	[0]	[1, 2, 3, 4]	[5]	[4]	[5]
EZH2_id535+TRAP1_id20	-3	0	[0]	[1, 2, 3, 4]	[5]	[4]	[5]
EZH2_id535+p15_id22	-3	0	[0]	[1, 2, 3, 4]	[5]	[4]	[5]
EZH2_id535+p16_id61	-3	0	[0]	[1, 2, 3, 4]	[5]	[4]	[5]
EZH2_id535+p21_id19	-3	0	[0]	[1, 2, 3, 4]	[5]	[4]	[5]
EZH2_id535+p27_id62	-3	0	[0]	[1, 2, 3, 4]	[5]	[4]	[5]
Ets_2_id38+Mcl1_id321	-5	2	[1]	[0, 1, 2, 3, 4]	[4]	[1, 2, 3, 4]	[5]
Noxa_id325+PEA3_id563	-6	3	[0]	[0, 1, 2, 3, 4, 5, 6]	[3]	[1, 2, 3, 4]	[5]
PEA3_id563+Rsk_id53	-6	3	[0]	[0, 1, 2, 3, 4, 5, 6]	[3]	[1, 2, 3, 4]	[5]
PEA3_id563+TGFBeta_id9	-6	3	[0]	[0, 1, 2, 3, 4, 5, 6]	[3]	[1, 2, 3, 4]	[5]
PEA3_id563+TGFR_id8	-6	3	[0]	[0, 1, 2, 3, 4, 5, 6]	[3]	[1, 2, 3, 4]	[5]
PEA3_id563+TRAP1_id20	-6	3	[0]	[0, 1, 2, 3, 4, 5, 6]	[3]	[1, 2, 3, 4]	[5]
PEA3_id563+VEGF_id671	-6	3	[0]	[0, 1, 2, 3, 4, 5, 6]	[3]	[1, 2, 3, 4]	[5]
PEA3_id563+p15_id22	-6	3	[0]	[0, 1, 2, 3, 4, 5, 6]	[3]	[1, 2, 3, 4]	[5]
PEA3_id563+p16_id61	-6	3	[0]	[0, 1, 2, 3, 4, 5, 6]	[3]	[1, 2, 3, 4]	[5]
PEA3_id563+p21_id19	-6	3	[0]	[0, 1, 2, 3, 4, 5, 6]	[3]	[1, 2, 3, 4]	[5]
PEA3_id563+p27_id62	-6	3	[0]	[0, 1, 2, 3, 4, 5, 6]	[3]	[1, 2, 3, 4]	[5]
PEA3_id563+p38_id617	-6	3	[0]	[0, 1, 2, 3, 4, 5, 6]	[3]	[1, 2, 3, 4]	[5]
PEA3_id563+p53_id175	-6	3	[0]	[0, 1, 2, 3, 4, 5, 6]	[3]	[1, 2, 3, 4]	[5]
A1_id357+BIM_id323	-3	-1	[1]	[2, 3, 4]	[4]	[4]	[5]
A1_id357+GSK3_id45	-3	-1	[2]	[2, 3, 4]	[4]	[4]	[5]
A1_id357+Rsk_id53	-3	-1	[1]	[2, 3, 4]	[4]	[4]	[5]
A1_id357+TGFBeta_id9	-3	-1	[1]	[2, 3, 4]	[4]	[4]	[5]
A1_id357+TGFR_id8	-3	-1	[1]	[2, 3, 4]	[4]	[4]	[5]
A1_id357+TRAP1_id20	-3	-1	[1]	[2, 3, 4]	[4]	[4]	[5]
A1_id357+p15_id22	-3	-1	[1]	[2, 3, 4]	[4]	[4]	[5]
A1_id357+p16_id61	-3	-1	[1]	[2, 3, 4]	[4]	[4]	[5]
A1_id357+p21_id19	-3	-1	[1]	[2, 3, 4]	[4]	[4]	[5]
A1_id357+p27_id62	-3	-1	[1]	[2, 3, 4]	[4]	[4]	[5]
ARF_id177+Akt_id40	-4	0	[2]	[2, 3]	[3]	[1, 2, 3, 4]	[5]
ARF_id177+PI3K_id33	-4	0	[2]	[2, 3]	[3]	[1, 2, 3, 4]	[5]
Akt_id40+BIM_id323	-4	0	[2]	[2, 3]	[3]	[1, 2, 3, 4]	[5]
Akt_id40+COX2_id564	-4	0	[2]	[2, 3]	[3]	[1, 2, 3, 4]	[5]
Akt_id40+EP4_id610	-4	0	[2]	[2, 3]	[3]	[1, 2, 3, 4]	[5]
Akt_id40+HIF1_id558	-4	0	[2]	[2, 3]	[3]	[1, 2, 3, 4]	[5]
Akt_id40+Noxa_id325	-4	0	[2]	[2, 3]	[3]	[1, 2, 3, 4]	[5]
Akt_id40+PEA3_id563	-4	0	[2]	[2, 3]	[3]	[1, 2, 3, 4]	[5]
Akt_id40+PI3K_id33	-4	0	[2]	[2, 3]	[3]	[1, 2, 3, 4]	[5]
Akt_id40+PTEN_id531	-4	0	[2]	[2, 3]	[3]	[1, 2, 3, 4]	[5]
Akt_id40+Rsk_id53	-4	0	[2]	[2, 3]	[3]	[1, 2, 3, 4]	[5]
Akt_id40+TGFBeta_id9	-4	0	[2]	[2, 3]	[3]	[1, 2, 3, 4]	[5]
Akt_id40+TGFR_id8	-4	0	[2]	[2, 3]	[3]	[1, 2, 3, 4]	[5]
Akt_id40+TRAP1_id20	-4	0	[2]	[2, 3]	[3]	[1, 2, 3, 4]	[5]
Akt_id40+VEGF_id671	-4	0	[2]	[2, 3]	[3]	[1, 2, 3, 4]	[5]
Akt_id40+p15_id22	-4	0	[2]	[2, 3]	[3]	[1, 2, 3, 4]	[5]
Akt_id40+p16_id61	-4	0	[2]	[2, 3]	[3]	[1, 2, 3, 4]	[5]
Akt_id40+p21_id19	-4	0	[2]	[2, 3]	[3]	[1, 2, 3, 4]	[5]
Akt_id40+p27_id62	-4	0	[2]	[2, 3]	[3]	[1, 2, 3, 4]	[5]
Akt_id40+p38_id617	-4	0	[2]	[2, 3]	[3]	[1, 2, 3, 4]	[5]
Akt_id40+p53_id175	-4	0	[2]	[2, 3]	[3]	[1, 2, 3, 4]	[5]
BAD_id324+Elk_1_id661	-6	2	[0]	[0, 1, 2, 3, 4]	[3]	[0, 1, 2, 3, 4]	[5]
BAD_id324+cFos_id662	-6	2	[0]	[0, 1, 2, 3, 4]	[3]	[0, 1, 2, 3, 4]	[5]
BIM_id323+Bcl_2_id319	-3	-1	[1]	[2, 3, 4]	[4]	[4]	[5]
BIM_id323+Bcl_W_id356	-3	-1	[1]	[2, 3, 4]	[4]	[4]	[5]
BIM_id323+Bcl_xl_id320	-3	-1	[1]	[2, 3, 4]	[4]	[4]	[5]
BIM_id323+Elk_1_id661	-6	2	[0]	[0, 1, 2, 3, 4]	[3]	[0, 1, 2, 3, 4]	[5]
BIM_id323+Mcl1_id321	-3	-1	[1]	[2, 3, 4]	[4]	[4]	[5]
BIM_id323+PI3K_id33	-4	0	[2]	[2, 3]	[3]	[1, 2, 3, 4]	[5]
BIM_id323+VEGF_id671	-2	-2	[0]	[4]	[3]	[4]	[5]
BIM_id323+cFos_id662	-6	2	[0]	[0, 1, 2, 3, 4]	[3]	[0, 1, 2, 3, 4]	[5]
BIM_id323+p38_id617	-2	-2	[0]	[4]	[3]	[4]	[5]
Bcl_2_id319+GSK3_id45	-3	-1	[2]	[2, 3, 4]	[4]	[4]	[5]
Bcl_2_id319+Rsk_id53	-3	-1	[1]	[2, 3, 4]	[4]	[4]	[5]
Bcl_2_id319+TGFBeta_id9	-3	-1	[1]	[2, 3, 4]	[4]	[4]	[5]
Bcl_2_id319+TGFR_id8	-3	-1	[1]	[2, 3, 4]	[4]	[4]	[5]
Bcl_2_id319+TRAP1_id20	-3	-1	[1]	[2, 3, 4]	[4]	[4]	[5]
Bcl_2_id319+p15_id22	-3	-1	[1]	[2, 3, 4]	[4]	[4]	[5]
Bcl_2_id319+p16_id61	-3	-1	[1]	[2, 3, 4]	[4]	[4]	[5]
Bcl_2_id319+p21_id19	-3	-1	[1]	[2, 3, 4]	[4]	[4]	[5]
Bcl_2_id319+p27_id62	-3	-1	[1]	[2, 3, 4]	[4]	[4]	[5]
Bcl_W_id356+GSK3_id45	-3	-1	[2]	[2, 3, 4]	[4]	[4]	[5]
Bcl_W_id356+Rsk_id53	-3	-1	[1]	[2, 3, 4]	[4]	[4]	[5]
Bcl_W_id356+TGFBeta_id9	-3	-1	[1]	[2, 3, 4]	[4]	[4]	[5]
Bcl_W_id356+TGFR_id8	-3	-1	[1]	[2, 3, 4]	[4]	[4]	[5]
Bcl_W_id356+TRAP1_id20	-3	-1	[1]	[2, 3, 4]	[4]	[4]	[5]
Bcl_W_id356+p15_id22	-3	-1	[1]	[2, 3, 4]	[4]	[4]	[5]
Bcl_W_id356+p16_id61	-3	-1	[1]	[2, 3, 4]	[4]	[4]	[5]
Bcl_W_id356+p21_id19	-3	-1	[1]	[2, 3, 4]	[4]	[4]	[5]
Bcl_W_id356+p27_id62	-3	-1	[1]	[2, 3, 4]	[4]	[4]	[5]
Bcl_xl_id320+GSK3_id45	-3	-1	[2]	[2, 3, 4]	[4]	[4]	[5]
Bcl_xl_id320+Rsk_id53	-3	-1	[1]	[2, 3, 4]	[4]	[4]	[5]
Bcl_xl_id320+TGFBeta_id9	-3	-1	[1]	[2, 3, 4]	[4]	[4]	[5]
Bcl_xl_id320+TGFR_id8	-3	-1	[1]	[2, 3, 4]	[4]	[4]	[5]
Bcl_xl_id320+TRAP1_id20	-3	-1	[1]	[2, 3, 4]	[4]	[4]	[5]
Bcl_xl_id320+p15_id22	-3	-1	[1]	[2, 3, 4]	[4]	[4]	[5]
Bcl_xl_id320+p16_id61	-3	-1	[1]	[2, 3, 4]	[4]	[4]	[5]
Bcl_xl_id320+p21_id19	-3	-1	[1]	[2, 3, 4]	[4]	[4]	[5]
Bcl_xl_id320+p27_id62	-3	-1	[1]	[2, 3, 4]	[4]	[4]	[5]
CDK2_id644+PTEN_id531	-2	-2	[0]	[1]	[2]	[2]	[3]
CDK4_id60+PTEN_id531	-2	-2	[0]	[1]	[2]	[2]	[3]
COX2_id564+PI3K_id33	-4	0	[2]	[2, 3]	[3]	[1, 2, 3, 4]	[5]
EP4_id610+PI3K_id33	-4	0	[2]	[2, 3]	[3]	[1, 2, 3, 4]	[5]
Elk_1_id661+Noxa_id325	-6	2	[0]	[0, 1, 2, 3, 4]	[3]	[0, 1, 2, 3, 4]	[5]
Elk_1_id661+TGFBeta_id9	-6	2	[0]	[0, 1, 2, 3, 4]	[3]	[0, 1, 2, 3, 4]	[5]
Elk_1_id661+TGFR_id8	-6	2	[0]	[0, 1, 2, 3, 4]	[3]	[0, 1, 2, 3, 4]	[5]
Elk_1_id661+TRAP1_id20	-6	2	[0]	[0, 1, 2, 3, 4]	[3]	[0, 1, 2, 3, 4]	[5]
Elk_1_id661+VEGF_id671	-6	2	[0]	[0, 1, 2, 3, 4]	[3]	[0, 1, 2, 3, 4]	[5]
Elk_1_id661+cFos_id662	-6	2	[0]	[0, 1, 2, 3, 4]	[3]	[0, 1, 2, 3, 4]	[5]
Elk_1_id661+p15_id22	-6	2	[0]	[0, 1, 2, 3, 4]	[3]	[0, 1, 2, 3, 4]	[5]
Elk_1_id661+p38_id617	-6	2	[0]	[0, 1, 2, 3, 4]	[3]	[0, 1, 2, 3, 4]	[5]
GSK3_id45+Mcl1_id321	-3	-1	[2]	[2, 3, 4]	[4]	[4]	[5]
GSK3_id45+VEGF_id671	-2	-2	[1]	[4]	[3]	[4]	[5]
GSK3_id45+p38_id617	-2	-2	[1]	[4]	[3]	[4]	[5]
HIF1_id558+PI3K_id33	-4	0	[2]	[2, 3]	[3]	[1, 2, 3, 4]	[5]
Mcl1_id321+Rsk_id53	-3	-1	[1]	[2, 3, 4]	[4]	[4]	[5]
Mcl1_id321+TGFBeta_id9	-3	-1	[1]	[2, 3, 4]	[4]	[4]	[5]
Mcl1_id321+TGFR_id8	-3	-1	[1]	[2, 3, 4]	[4]	[4]	[5]
Mcl1_id321+TRAP1_id20	-3	-1	[1]	[2, 3, 4]	[4]	[4]	[5]
Mcl1_id321+p15_id22	-3	-1	[1]	[2, 3, 4]	[4]	[4]	[5]
Mcl1_id321+p16_id61	-3	-1	[1]	[2, 3, 4]	[4]	[4]	[5]
Mcl1_id321+p21_id19	-3	-1	[1]	[2, 3, 4]	[4]	[4]	[5]
Mcl1_id321+p27_id62	-3	-1	[1]	[2, 3, 4]	[4]	[4]	[5]
Noxa_id325+PI3K_id33	-4	0	[2]	[2, 3]	[3]	[1, 2, 3, 4]	[5]
Noxa_id325+cFos_id662	-6	2	[0]	[0, 1, 2, 3, 4]	[3]	[0, 1, 2, 3, 4]	[5]
PEA3_id563+PI3K_id33	-4	0	[2]	[2, 3]	[3]	[1, 2, 3, 4]	[5]
PI3K_id33+PTEN_id531	-4	0	[2]	[2, 3]	[3]	[1, 2, 3, 4]	[5]
PI3K_id33+Rsk_id53	-4	0	[2]	[2, 3]	[3]	[1, 2, 3, 4]	[5]
PI3K_id33+TGFBeta_id9	-4	0	[2]	[2, 3]	[3]	[1, 2, 3, 4]	[5]
PI3K_id33+TGFR_id8	-4	0	[2]	[2, 3]	[3]	[1, 2, 3, 4]	[5]
PI3K_id33+TRAP1_id20	-4	0	[2]	[2, 3]	[3]	[1, 2, 3, 4]	[5]
PI3K_id33+VEGF_id671	-4	0	[2]	[2, 3]	[3]	[1, 2, 3, 4]	[5]
PI3K_id33+p15_id22	-4	0	[2]	[2, 3]	[3]	[1, 2, 3, 4]	[5]
PI3K_id33+p16_id61	-4	0	[2]	[2, 3]	[3]	[1, 2, 3, 4]	[5]
PI3K_id33+p21_id19	-4	0	[2]	[2, 3]	[3]	[1, 2, 3, 4]	[5]
PI3K_id33+p27_id62	-4	0	[2]	[2, 3]	[3]	[1, 2, 3, 4]	[5]
PI3K_id33+p38_id617	-4	0	[2]	[2, 3]	[3]	[1, 2, 3, 4]	[5]
PI3K_id33+p53_id175	-4	0	[2]	[2, 3]	[3]	[1, 2, 3, 4]	[5]
Rsk_id53+VEGF_id671	-2	-2	[0]	[4]	[3]	[4]	[5]
Rsk_id53+p38_id617	-2	-2	[0]	[4]	[3]	[4]	[5]
TGFBeta_id9+VEGF_id671	-2	-2	[0]	[4]	[3]	[4]	[5]
TGFBeta_id9+cFos_id662	-6	2	[0]	[0, 1, 2, 3, 4]	[3]	[0, 1, 2, 3, 4]	[5]
TGFBeta_id9+p38_id617	-2	-2	[0]	[4]	[3]	[4]	[5]
TGFR_id8+VEGF_id671	-2	-2	[0]	[4]	[3]	[4]	[5]
TGFR_id8+cFos_id662	-6	2	[0]	[0, 1, 2, 3, 4]	[3]	[0, 1, 2, 3, 4]	[5]
TGFR_id8+p38_id617	-2	-2	[0]	[4]	[3]	[4]	[5]
TRAP1_id20+VEGF_id671	-2	-2	[0]	[4]	[3]	[4]	[5]
TRAP1_id20+cFos_id662	-6	2	[0]	[0, 1, 2, 3, 4]	[3]	[0, 1, 2, 3, 4]	[5]
TRAP1_id20+p38_id617	-2	-2	[0]	[4]	[3]	[4]	[5]
VEGF_id671+cFos_id662	-6	2	[0]	[0, 1, 2, 3, 4]	[3]	[0, 1, 2, 3, 4]	[5]
VEGF_id671+p15_id22	-2	-2	[0]	[4]	[3]	[4]	[5]
VEGF_id671+p16_id61	-2	-2	[0]	[4]	[3]	[4]	[5]
VEGF_id671+p21_id19	-2	-2	[0]	[4]	[3]	[4]	[5]
VEGF_id671+p27_id62	-2	-2	[0]	[4]	[3]	[4]	[5]
VEGF_id671+p38_id617	-2	-2	[0]	[4]	[3]	[4]	[5]
cFos_id662+p15_id22	-6	2	[0]	[0, 1, 2, 3, 4]	[3]	[0, 1, 2, 3, 4]	[5]
cFos_id662+p38_id617	-6	2	[0]	[0, 1, 2, 3, 4]	[3]	[0, 1, 2, 3, 4]	[5]
p15_id22+p38_id617	-2	-2	[0]	[4]	[3]	[4]	[5]
p16_id61+p38_id617	-2	-2	[0]	[4]	[3]	[4]	[5]
p21_id19+p38_id617	-2	-2	[0]	[4]	[3]	[4]	[5]
p27_id62+p38_id617	-2	-2	[0]	[4]	[3]	[4]	[5]
A1_id357+Noxa_id325	-4	-1	[1]	[1, 2, 3, 4]	[4]	[4]	[5]
ARF_id177+Elk_1_id661	-8	3	[0]	[0, 1, 2, 3, 4]	[1, 2, 3, 4]	[0, 1, 2, 3, 4]	[5]
ARF_id177+cFos_id662	-8	3	[0]	[0, 1, 2, 3, 4]	[1, 2, 3, 4]	[0, 1, 2, 3, 4]	[5]
BAD_id324+Bcl_2_id319	-4	-1	[0]	[1, 2, 3, 4]	[4]	[4]	[5]
BAD_id324+Bcl_W_id356	-4	-1	[0]	[1, 2, 3, 4]	[4]	[4]	[5]
BAD_id324+Bcl_xl_id320	-4	-1	[0]	[1, 2, 3, 4]	[4]	[4]	[5]
BAD_id324+EZH2_id535	-4	-1	[0]	[0, 1, 2, 3]	[5]	[4]	[5]
BAD_id324+Ets_2_id38	-6	1	[0]	[0, 1, 2, 3, 4]	[3]	[1, 2, 3, 4]	[5]
BIM_id323+Ets_2_id38	-6	1	[0]	[0, 1, 2, 3, 4]	[3]	[1, 2, 3, 4]	[5]
Bcl_2_id319+Noxa_id325	-4	-1	[1]	[1, 2, 3, 4]	[4]	[4]	[5]
Bcl_W_id356+Noxa_id325	-4	-1	[1]	[1, 2, 3, 4]	[4]	[4]	[5]
Bcl_xl_id320+Noxa_id325	-4	-1	[1]	[1, 2, 3, 4]	[4]	[4]	[5]
Elk_1_id661+p16_id61	-6	1	[0]	[0, 1, 2, 3, 4]	[3]	[1, 2, 3, 4]	[5]
Elk_1_id661+p21_id19	-6	1	[0]	[0, 1, 2, 3, 4]	[3]	[1, 2, 3, 4]	[5]
Elk_1_id661+p27_id62	-6	1	[0]	[0, 1, 2, 3, 4]	[3]	[1, 2, 3, 4]	[5]
Ets_2_id38+Noxa_id325	-6	1	[0]	[0, 1, 2, 3, 4]	[3]	[1, 2, 3, 4]	[5]
Ets_2_id38+TGFBeta_id9	-6	1	[0]	[0, 1, 2, 3, 4]	[3]	[1, 2, 3, 4]	[5]
Ets_2_id38+TGFR_id8	-6	1	[0]	[0, 1, 2, 3, 4]	[3]	[1, 2, 3, 4]	[5]
Ets_2_id38+TRAP1_id20	-6	1	[0]	[0, 1, 2, 3, 4]	[3]	[1, 2, 3, 4]	[5]
Ets_2_id38+VEGF_id671	-6	1	[0]	[0, 1, 2, 3, 4]	[3]	[1, 2, 3, 4]	[5]
Ets_2_id38+p15_id22	-6	1	[0]	[0, 1, 2, 3, 4]	[3]	[1, 2, 3, 4]	[5]
Ets_2_id38+p16_id61	-6	1	[0]	[0, 1, 2, 3, 4]	[3]	[1, 2, 3, 4]	[5]
Ets_2_id38+p21_id19	-6	1	[0]	[0, 1, 2, 3, 4]	[3]	[1, 2, 3, 4]	[5]
Ets_2_id38+p27_id62	-6	1	[0]	[0, 1, 2, 3, 4]	[3]	[1, 2, 3, 4]	[5]
Ets_2_id38+p38_id617	-6	1	[0]	[0, 1, 2, 3, 4]	[3]	[1, 2, 3, 4]	[5]
Mcl1_id321+Noxa_id325	-4	-1	[1]	[1, 2, 3, 4]	[4]	[4]	[5]
cFos_id662+p16_id61	-6	1	[0]	[0, 1, 2, 3, 4]	[3]	[1, 2, 3, 4]	[5]
cFos_id662+p21_id19	-6	1	[0]	[0, 1, 2, 3, 4]	[3]	[1, 2, 3, 4]	[5]
cFos_id662+p27_id62	-6	1	[0]	[0, 1, 2, 3, 4]	[3]	[1, 2, 3, 4]	[5]
A1_id357+ARF_id177	-5	-1	[1]	[2, 3, 4]	[2, 3, 4]	[4]	[5]
A1_id357+HIF1_id558	-3	-3	[1]	[2]	[4]	[4]	[5]
A1_id357+p53_id175	-5	-1	[1]	[2, 3, 4]	[2, 3, 4]	[4]	[5]
ARF_id177+Bcl_2_id319	-5	-1	[1]	[2, 3, 4]	[2, 3, 4]	[4]	[5]
ARF_id177+Bcl_W_id356	-5	-1	[1]	[2, 3, 4]	[2, 3, 4]	[4]	[5]
ARF_id177+Bcl_xl_id320	-5	-1	[1]	[2, 3, 4]	[2, 3, 4]	[4]	[5]
ARF_id177+Ets_2_id38	-8	2	[0]	[0, 1, 2, 3, 4]	[1, 2, 3, 4]	[1, 2, 3, 4]	[5]
ARF_id177+Mcl1_id321	-5	-1	[1]	[2, 3, 4]	[2, 3, 4]	[4]	[5]
Akt_id40+BAD_id324	-6	0	[0]	[0, 1, 2, 3]	[3]	[1, 2, 3, 4]	[5]
BAD_id324+PI3K_id33	-6	0	[0]	[0, 1, 2, 3]	[3]	[1, 2, 3, 4]	[5]
BAD_id324+VEGF_id671	-3	-3	[0]	[3]	[3]	[4]	[5]
BAD_id324+p38_id617	-3	-3	[0]	[3]	[3]	[4]	[5]
BAXBAK_id318+Frizzled_id218	-3	-3	[0]	[0]	[0]	[0]	[3]
BIM_id323+Erk_id36	-3	-3	[0]	[0]	[3]	[1]	[5]
Bcl_2_id319+HIF1_id558	-3	-3	[1]	[2]	[4]	[4]	[5]
Bcl_2_id319+p53_id175	-5	-1	[1]	[2, 3, 4]	[2, 3, 4]	[4]	[5]
Bcl_W_id356+HIF1_id558	-3	-3	[1]	[2]	[4]	[4]	[5]
Bcl_W_id356+p53_id175	-5	-1	[1]	[2, 3, 4]	[2, 3, 4]	[4]	[5]
Bcl_xl_id320+HIF1_id558	-3	-3	[1]	[2]	[4]	[4]	[5]
Bcl_xl_id320+p53_id175	-5	-1	[1]	[2, 3, 4]	[2, 3, 4]	[4]	[5]
COX2_id564+HIF1_id558	-6	0	[0]	[0, 1, 2, 3]	[3]	[1, 2, 3, 4]	[5]
Caspase3_id317+Frizzled_id218	-3	-3	[0]	[0]	[0]	[0]	[3]
Caspase9_id343+Frizzled_id218	-3	-3	[0]	[0]	[0]	[0]	[3]
EP4_id610+HIF1_id558	-6	0	[0]	[0, 1, 2, 3]	[3]	[1, 2, 3, 4]	[5]
EZH2_id535+HIF1_id558	-3	-3	[0]	[1]	[5]	[4]	[5]
Elk_1_id661+Rsk_id53	-3	-3	[0]	[0]	[3]	[1]	[5]
Elk_1_id661+p53_id175	-8	2	[0]	[0, 1, 2, 3, 4]	[1, 2, 3, 4]	[1, 2, 3, 4]	[5]
Ets_2_id38+Rsk_id53	-3	-3	[0]	[0]	[3]	[1]	[5]
Ets_2_id38+p53_id175	-8	2	[0]	[0, 1, 2, 3, 4]	[1, 2, 3, 4]	[1, 2, 3, 4]	[5]
HIF1_id558+Mcl1_id321	-3	-3	[1]	[2]	[4]	[4]	[5]
HIF1_id558+PEA3_id563	-6	0	[0]	[0, 1, 2, 3]	[3]	[1, 2, 3, 4]	[5]
Mcl1_id321+p53_id175	-5	-1	[1]	[2, 3, 4]	[2, 3, 4]	[4]	[5]
Mek_id35+PTEN_id531	-5	-1	[0]	[0, 1, 2]	[1, 2]	[0, 1]	[5]
Noxa_id325+VEGF_id671	-3	-3	[0]	[3]	[3]	[4]	[5]
Noxa_id325+p38_id617	-3	-3	[0]	[3]	[3]	[4]	[5]
PTEN_id531+Raf_1_id34	-5	-1	[0]	[0, 1, 2]	[1, 2]	[0, 1]	[5]
Rsk_id53+cFos_id662	-3	-3	[0]	[0]	[3]	[1]	[5]
cFos_id662+p53_id175	-8	2	[0]	[0, 1, 2, 3, 4]	[1, 2, 3, 4]	[1, 2, 3, 4]	[5]
A1_id357+BAD_id324	-5	-2	[0]	[0, 1, 2, 3]	[4]	[4]	[5]
ARF_id177+Erk_id36	-5	-2	[0]	[0]	[1, 2, 3, 4]	[1]	[5]
BAD_id324+Mcl1_id321	-5	-2	[0]	[0, 1, 2, 3]	[4]	[4]	[5]
BIM_id323+EZH2_id535	-5	-2	[0]	[1, 2, 3, 4]	[3]	[4]	[5]
BIM_id323+GSK3_id45	-5	-2	[1]	[1, 2, 3, 4]	[3]	[4]	[5]
BIM_id323+Rsk_id53	-5	-2	[0]	[1, 2, 3, 4]	[3]	[4]	[5]
BIM_id323+TGFBeta_id9	-5	-2	[0]	[1, 2, 3, 4]	[3]	[4]	[5]
BIM_id323+TGFR_id8	-5	-2	[0]	[1, 2, 3, 4]	[3]	[4]	[5]
BIM_id323+TRAP1_id20	-5	-2	[0]	[1, 2, 3, 4]	[3]	[4]	[5]
BIM_id323+p15_id22	-5	-2	[0]	[1, 2, 3, 4]	[3]	[4]	[5]
BIM_id323+p16_id61	-5	-2	[0]	[1, 2, 3, 4]	[3]	[4]	[5]
BIM_id323+p21_id19	-5	-2	[0]	[1, 2, 3, 4]	[3]	[4]	[5]
BIM_id323+p27_id62	-5	-2	[0]	[1, 2, 3, 4]	[3]	[4]	[5]
Elk_1_id661+GSK3_id45	-5	-2	[1]	[1, 2, 3, 4]	[3]	[4]	[5]
Erk_id36+p53_id175	-5	-2	[0]	[0]	[1, 2, 3, 4]	[1]	[5]
Ets_2_id38+GSK3_id45	-5	-2	[1]	[1, 2, 3, 4]	[3]	[4]	[5]
Frizzled_id218+GSK3_id45	-5	-2	[1]	[1, 2, 3, 4]	[3]	[4]	[5]
GSK3_id45+Rsk_id53	-5	-2	[1]	[1, 2, 3, 4]	[3]	[4]	[5]
GSK3_id45+TGFBeta_id9	-5	-2	[1]	[1, 2, 3, 4]	[3]	[4]	[5]
GSK3_id45+TGFR_id8	-5	-2	[1]	[1, 2, 3, 4]	[3]	[4]	[5]
GSK3_id45+TRAP1_id20	-5	-2	[1]	[1, 2, 3, 4]	[3]	[4]	[5]
GSK3_id45+cFos_id662	-5	-2	[1]	[1, 2, 3, 4]	[3]	[4]	[5]
GSK3_id45+p15_id22	-5	-2	[1]	[1, 2, 3, 4]	[3]	[4]	[5]
GSK3_id45+p16_id61	-5	-2	[1]	[1, 2, 3, 4]	[3]	[4]	[5]
GSK3_id45+p21_id19	-5	-2	[1]	[1, 2, 3, 4]	[3]	[4]	[5]
GSK3_id45+p27_id62	-5	-2	[1]	[1, 2, 3, 4]	[3]	[4]	[5]
Rsk_id53+TGFBeta_id9	-5	-2	[0]	[1, 2, 3, 4]	[3]	[4]	[5]
Rsk_id53+TGFR_id8	-5	-2	[0]	[1, 2, 3, 4]	[3]	[4]	[5]
Rsk_id53+TRAP1_id20	-5	-2	[0]	[1, 2, 3, 4]	[3]	[4]	[5]
Rsk_id53+p15_id22	-5	-2	[0]	[1, 2, 3, 4]	[3]	[4]	[5]
Rsk_id53+p16_id61	-5	-2	[0]	[1, 2, 3, 4]	[3]	[4]	[5]
Rsk_id53+p21_id19	-5	-2	[0]	[1, 2, 3, 4]	[3]	[4]	[5]
Rsk_id53+p27_id62	-5	-2	[0]	[1, 2, 3, 4]	[3]	[4]	[5]
TGFBeta_id9+TGFR_id8	-5	-2	[0]	[1, 2, 3, 4]	[3]	[4]	[5]
TGFBeta_id9+TRAP1_id20	-5	-2	[0]	[1, 2, 3, 4]	[3]	[4]	[5]
TGFBeta_id9+p15_id22	-5	-2	[0]	[1, 2, 3, 4]	[3]	[4]	[5]
TGFBeta_id9+p16_id61	-5	-2	[0]	[1, 2, 3, 4]	[3]	[4]	[5]
TGFBeta_id9+p21_id19	-5	-2	[0]	[1, 2, 3, 4]	[3]	[4]	[5]
TGFBeta_id9+p27_id62	-5	-2	[0]	[1, 2, 3, 4]	[3]	[4]	[5]
TGFR_id8+TRAP1_id20	-5	-2	[0]	[1, 2, 3, 4]	[3]	[4]	[5]
TGFR_id8+p15_id22	-5	-2	[0]	[1, 2, 3, 4]	[3]	[4]	[5]
TGFR_id8+p16_id61	-5	-2	[0]	[1, 2, 3, 4]	[3]	[4]	[5]
TGFR_id8+p21_id19	-5	-2	[0]	[1, 2, 3, 4]	[3]	[4]	[5]
TGFR_id8+p27_id62	-5	-2	[0]	[1, 2, 3, 4]	[3]	[4]	[5]
TRAP1_id20+p15_id22	-5	-2	[0]	[1, 2, 3, 4]	[3]	[4]	[5]
TRAP1_id20+p16_id61	-5	-2	[0]	[1, 2, 3, 4]	[3]	[4]	[5]
TRAP1_id20+p21_id19	-5	-2	[0]	[1, 2, 3, 4]	[3]	[4]	[5]
TRAP1_id20+p27_id62	-5	-2	[0]	[1, 2, 3, 4]	[3]	[4]	[5]
p15_id22+p16_id61	-5	-2	[0]	[1, 2, 3, 4]	[3]	[4]	[5]
p15_id22+p21_id19	-5	-2	[0]	[1, 2, 3, 4]	[3]	[4]	[5]
p15_id22+p27_id62	-5	-2	[0]	[1, 2, 3, 4]	[3]	[4]	[5]
p16_id61+p21_id19	-5	-2	[0]	[1, 2, 3, 4]	[3]	[4]	[5]
p16_id61+p27_id62	-5	-2	[0]	[1, 2, 3, 4]	[3]	[4]	[5]
p21_id19+p27_id62	-5	-2	[0]	[1, 2, 3, 4]	[3]	[4]	[5]
ARF_id177+BIM_id323	-7	-1	[0]	[1, 2, 3, 4]	[1, 2, 3, 4]	[4]	[5]
ARF_id177+EZH2_id535	-7	-1	[0]	[1, 2, 3, 4]	[1, 2, 3, 4]	[4]	[5]
ARF_id177+Rsk_id53	-7	-1	[0]	[1, 2, 3, 4]	[1, 2, 3, 4]	[4]	[5]
ARF_id177+TGFBeta_id9	-7	-1	[0]	[1, 2, 3, 4]	[1, 2, 3, 4]	[4]	[5]
ARF_id177+TGFR_id8	-7	-1	[0]	[1, 2, 3, 4]	[1, 2, 3, 4]	[4]	[5]
ARF_id177+TRAP1_id20	-7	-1	[0]	[1, 2, 3, 4]	[1, 2, 3, 4]	[4]	[5]
ARF_id177+p15_id22	-7	-1	[0]	[1, 2, 3, 4]	[1, 2, 3, 4]	[4]	[5]
ARF_id177+p16_id61	-7	-1	[0]	[1, 2, 3, 4]	[1, 2, 3, 4]	[4]	[5]
ARF_id177+p21_id19	-7	-1	[0]	[1, 2, 3, 4]	[1, 2, 3, 4]	[4]	[5]
ARF_id177+p27_id62	-7	-1	[0]	[1, 2, 3, 4]	[1, 2, 3, 4]	[4]	[5]
ARF_id177+p53_id175	-7	-1	[0]	[1, 2, 3, 4]	[1, 2, 3, 4]	[4]	[5]
BAD_id324+TRAP1_id20	-6	-2	[0]	[0, 1, 2, 3, 4]	[3]	[4]	[5]
BAXBAK_id318+Beta_Catenin_id227	-4	-4	[0]	[0]	[0]	[0]	[4]
BAXBAK_id318+CDK2_id644	-4	-4	[0]	[0]	[0]	[2]	[2]
BIM_id323+p53_id175	-7	-1	[0]	[1, 2, 3, 4]	[1, 2, 3, 4]	[4]	[5]
Beta_Catenin_id227+Caspase3_id317	-4	-4	[0]	[0]	[0]	[0]	[4]
Beta_Catenin_id227+Caspase9_id343	-4	-4	[0]	[0]	[0]	[0]	[4]
CDK2_id644+Caspase3_id317	-4	-4	[0]	[0]	[0]	[2]	[2]
CDK2_id644+Caspase9_id343	-4	-4	[0]	[0]	[0]	[2]	[2]
EP4_id610+PTEN_id531	-7	-1	[0]	[1, 2, 3, 4]	[1, 2, 3, 4]	[4]	[5]
EZH2_id535+p53_id175	-7	-1	[0]	[1, 2, 3, 4]	[1, 2, 3, 4]	[4]	[5]
Elk_1_id661+Ets_2_id38	-4	-4	[0]	[0]	[3]	[2]	[5]
Elk_1_id661+HIF1_id558	-6	-2	[0]	[0, 1]	[3]	[1, 2, 3, 4]	[5]
Erk_id36+PTEN_id531	-4	-4	[0]	[0]	[2]	[1]	[5]
Ets_2_id38+HIF1_id558	-6	-2	[0]	[0, 1]	[3]	[1, 2, 3, 4]	[5]
Ets_2_id38+cFos_id662	-4	-4	[0]	[0]	[3]	[2]	[5]
HIF1_id558+cFos_id662	-6	-2	[0]	[0, 1]	[3]	[1, 2, 3, 4]	[5]
Noxa_id325+TRAP1_id20	-6	-2	[0]	[0, 1, 2, 3, 4]	[3]	[4]	[5]
Rsk_id53+p53_id175	-7	-1	[0]	[1, 2, 3, 4]	[1, 2, 3, 4]	[4]	[5]
TGFBeta_id9+p53_id175	-7	-1	[0]	[1, 2, 3, 4]	[1, 2, 3, 4]	[4]	[5]
TGFR_id8+p53_id175	-7	-1	[0]	[1, 2, 3, 4]	[1, 2, 3, 4]	[4]	[5]
TRAP1_id20+p53_id175	-7	-1	[0]	[1, 2, 3, 4]	[1, 2, 3, 4]	[4]	[5]
mdm2_id176+p53_id175	-7	-1	[0]	[1, 2, 3, 4]	[1, 2, 3, 4]	[4]	[5]
p15_id22+p53_id175	-7	-1	[0]	[1, 2, 3, 4]	[1, 2, 3, 4]	[4]	[5]
p16_id61+p53_id175	-7	-1	[0]	[1, 2, 3, 4]	[1, 2, 3, 4]	[4]	[5]
p21_id19+p53_id175	-7	-1	[0]	[1, 2, 3, 4]	[1, 2, 3, 4]	[4]	[5]
p27_id62+p53_id175	-7	-1	[0]	[1, 2, 3, 4]	[1, 2, 3, 4]	[4]	[5]
BAD_id324+BIM_id323	-6	-3	[0]	[0, 1, 2, 3]	[3]	[4]	[5]
BAD_id324+GSK3_id45	-6	-3	[0]	[0, 1, 2, 3]	[3]	[4]	[5]
BAD_id324+Rsk_id53	-6	-3	[0]	[0, 1, 2, 3]	[3]	[4]	[5]
BAD_id324+TGFBeta_id9	-6	-3	[0]	[0, 1, 2, 3]	[3]	[4]	[5]
BAD_id324+TGFR_id8	-6	-3	[0]	[0, 1, 2, 3]	[3]	[4]	[5]
BAD_id324+p15_id22	-6	-3	[0]	[0, 1, 2, 3]	[3]	[4]	[5]
BAD_id324+p16_id61	-6	-3	[0]	[0, 1, 2, 3]	[3]	[4]	[5]
BAD_id324+p21_id19	-6	-3	[0]	[0, 1, 2, 3]	[3]	[4]	[5]
BAD_id324+p27_id62	-6	-3	[0]	[0, 1, 2, 3]	[3]	[4]	[5]
BIM_id323+Noxa_id325	-6	-3	[0]	[0, 1, 2, 3]	[3]	[4]	[5]
EZH2_id535+Noxa_id325	-6	-3	[0]	[0, 1, 2, 3]	[3]	[4]	[5]
GSK3_id45+Noxa_id325	-6	-3	[0]	[0, 1, 2, 3]	[3]	[4]	[5]
Noxa_id325+Rsk_id53	-6	-3	[0]	[0, 1, 2, 3]	[3]	[4]	[5]
Noxa_id325+TGFBeta_id9	-6	-3	[0]	[0, 1, 2, 3]	[3]	[4]	[5]
Noxa_id325+TGFR_id8	-6	-3	[0]	[0, 1, 2, 3]	[3]	[4]	[5]
Noxa_id325+p15_id22	-6	-3	[0]	[0, 1, 2, 3]	[3]	[4]	[5]
Noxa_id325+p16_id61	-6	-3	[0]	[0, 1, 2, 3]	[3]	[4]	[5]
Noxa_id325+p21_id19	-6	-3	[0]	[0, 1, 2, 3]	[3]	[4]	[5]
Noxa_id325+p27_id62	-6	-3	[0]	[0, 1, 2, 3]	[3]	[4]	[5]
ARF_id177+GSK3_id45	-8	-2	[1]	[1, 2, 3, 4]	[1, 2, 3, 4]	[4]	[6]
BAXBAK_id318+CDK4_id60	-5	-5	[0]	[0]	[0]	[2]	[3]
BAXBAK_id318+ErbB1_id298	-5	-5	[0]	[0]	[0]	[0]	[5]
BAXBAK_id318+Ras_id32	-5	-5	[0]	[0]	[0]	[0]	[5]
BIM_id323+HIF1_id558	-5	-5	[0]	[1]	[3]	[4]	[5]
CDK4_id60+Caspase3_id317	-5	-5	[0]	[0]	[0]	[2]	[3]
CDK4_id60+Caspase9_id343	-5	-5	[0]	[0]	[0]	[2]	[3]
Caspase3_id317+ErbB1_id298	-5	-5	[0]	[0]	[0]	[0]	[5]
Caspase3_id317+Ras_id32	-5	-5	[0]	[0]	[0]	[0]	[5]
Caspase9_id343+ErbB1_id298	-5	-5	[0]	[0]	[0]	[0]	[5]
Caspase9_id343+Ras_id32	-5	-5	[0]	[0]	[0]	[0]	[5]
GSK3_id45+HIF1_id558	-5	-5	[1]	[1]	[3]	[4]	[5]
GSK3_id45+p53_id175	-8	-2	[1]	[1, 2, 3, 4]	[1, 2, 3, 4]	[4]	[6]
HIF1_id558+PHD2_id557	-5	-5	[0]	[1]	[3]	[4]	[5]
HIF1_id558+Rsk_id53	-5	-5	[0]	[1]	[3]	[4]	[5]
HIF1_id558+TGFBeta_id9	-5	-5	[0]	[1]	[3]	[4]	[5]
HIF1_id558+TGFR_id8	-5	-5	[0]	[1]	[3]	[4]	[5]
HIF1_id558+TRAP1_id20	-5	-5	[0]	[1]	[3]	[4]	[5]
HIF1_id558+VEGF_id671	-5	-5	[0]	[1]	[3]	[4]	[5]
HIF1_id558+VHL_id556	-5	-5	[0]	[1]	[3]	[4]	[5]
HIF1_id558+p15_id22	-5	-5	[0]	[1]	[3]	[4]	[5]
HIF1_id558+p16_id61	-5	-5	[0]	[1]	[3]	[4]	[5]
HIF1_id558+p21_id19	-5	-5	[0]	[1]	[3]	[4]	[5]
HIF1_id558+p27_id62	-5	-5	[0]	[1]	[3]	[4]	[5]
HIF1_id558+p38_id617	-5	-5	[0]	[1]	[3]	[4]	[5]
BAD_id324+Noxa_id325	-6	-5	[0]	[0, 1]	[3]	[4]	[5]
BAXBAK_id318+Mek_id35	-6	-5	[0]	[0]	[0]	[0, 1]	[5]
BAXBAK_id318+Raf_1_id34	-6	-5	[0]	[0]	[0]	[0, 1]	[5]
Caspase3_id317+Mek_id35	-6	-5	[0]	[0]	[0]	[0, 1]	[5]
Caspase3_id317+Raf_1_id34	-6	-5	[0]	[0]	[0]	[0, 1]	[5]
Caspase9_id343+Mek_id35	-6	-5	[0]	[0]	[0]	[0, 1]	[5]
Caspase9_id343+Raf_1_id34	-6	-5	[0]	[0]	[0]	[0, 1]	[5]
ARF_id177+BAD_id324	-9	-3	[0]	[0, 1, 2, 3]	[0, 1, 2, 3]	[4]	[5]
ARF_id177+Noxa_id325	-9	-3	[0]	[0, 1, 2, 3]	[0, 1, 2, 3]	[4]	[5]
BAD_id324+HIF1_id558	-6	-6	[0]	[0]	[3]	[4]	[5]
BAD_id324+p53_id175	-9	-3	[0]	[0, 1, 2, 3]	[0, 1, 2, 3]	[4]	[5]
BAXBAK_id318+Erk_id36	-6	-6	[0]	[0]	[0]	[1]	[5]
BAXBAK_id318+mdm2_id176	-7	-5	[0]	[0]	[0]	[0, 1, 2]	[5]
Bcl_2_id319+PTEN_id531	-6	-6	[1]	[2]	[2]	[4]	[6]
Bcl_W_id356+PTEN_id531	-6	-6	[1]	[2]	[2]	[4]	[6]
Bcl_xl_id320+PTEN_id531	-6	-6	[1]	[2]	[2]	[4]	[6]
Caspase3_id317+Erk_id36	-6	-6	[0]	[0]	[0]	[1]	[5]
Caspase3_id317+mdm2_id176	-7	-5	[0]	[0]	[0]	[0, 1, 2]	[5]
Caspase9_id343+Erk_id36	-6	-6	[0]	[0]	[0]	[1]	[5]
Caspase9_id343+mdm2_id176	-7	-5	[0]	[0]	[0]	[0, 1, 2]	[5]
HIF1_id558+Noxa_id325	-6	-6	[0]	[0]	[3]	[4]	[5]
Noxa_id325+p53_id175	-9	-3	[0]	[0, 1, 2, 3]	[0, 1, 2, 3]	[4]	[5]
PTEN_id531+Rsk_id53	-6	-6	[0]	[1]	[2]	[4]	[5]
GSK3_id45+pRb_id198	-8	-5	[1]	[1, 2, 3, 4]	[3]	[6]	[6]
PTEN_id531+VEGF_id671	-7	-6	[0]	[2]	[1, 2]	[4]	[6]
A1_id357+PTEN_id531	-7	-7	[1]	[1]	[2]	[4]	[6]
ARF_id177+HIF1_id558	-7	-7	[0]	[1]	[1]	[4]	[5]
ARF_id177+PTEN_id531	-7	-7	[0]	[1]	[2]	[4]	[6]
BAD_id324+PTEN_id531	-7	-7	[0]	[1]	[2]	[4]	[6]
BAXBAK_id318+Elk_1_id661	-9	-5	[0]	[0]	[0]	[0, 1, 2, 3, 4]	[5]
BAXBAK_id318+cFos_id662	-9	-5	[0]	[0]	[0]	[0, 1, 2, 3, 4]	[5]
BIM_id323+PTEN_id531	-7	-7	[0]	[1]	[2]	[4]	[6]
Caspase3_id317+Elk_1_id661	-9	-5	[0]	[0]	[0]	[0, 1, 2, 3, 4]	[5]
Caspase3_id317+cFos_id662	-9	-5	[0]	[0]	[0]	[0, 1, 2, 3, 4]	[5]
Caspase9_id343+Elk_1_id661	-9	-5	[0]	[0]	[0]	[0, 1, 2, 3, 4]	[5]
Caspase9_id343+cFos_id662	-9	-5	[0]	[0]	[0]	[0, 1, 2, 3, 4]	[5]
EZH2_id535+PTEN_id531	-7	-7	[0]	[1]	[2]	[4]	[6]
Elk_1_id661+PTEN_id531	-7	-7	[0]	[1]	[2]	[4]	[6]
Ets_2_id38+PTEN_id531	-7	-7	[0]	[1]	[2]	[4]	[6]
GSK3_id45+PTEN_id531	-7	-7	[1]	[1]	[2]	[4]	[6]
HIF1_id558+p53_id175	-7	-7	[0]	[1]	[1]	[4]	[5]
Mcl1_id321+PTEN_id531	-7	-7	[1]	[1]	[2]	[4]	[6]
PTEN_id531+TGFBeta_id9	-7	-7	[0]	[1]	[2]	[4]	[6]
PTEN_id531+TGFR_id8	-7	-7	[0]	[1]	[2]	[4]	[6]
PTEN_id531+TRAP1_id20	-7	-7	[0]	[1]	[2]	[4]	[6]
PTEN_id531+cFos_id662	-7	-7	[0]	[1]	[2]	[4]	[6]
PTEN_id531+p15_id22	-7	-7	[0]	[1]	[2]	[4]	[6]
PTEN_id531+p16_id61	-7	-7	[0]	[1]	[2]	[4]	[6]
PTEN_id531+p21_id19	-7	-7	[0]	[1]	[2]	[4]	[6]
PTEN_id531+p27_id62	-7	-7	[0]	[1]	[2]	[4]	[6]
PTEN_id531+p38_id617	-8	-6	[0]	[1, 2]	[1, 2]	[4]	[6]
PTEN_id531+p53_id175	-7	-7	[0]	[1]	[2]	[4]	[6]
ARF_id177+pRb_id198	-11	-4	[0]	[0, 1, 2, 3, 4]	[1, 2, 3, 4]	[6]	[6]
Akt_id40+BAXBAK_id318	-9	-6	[0]	[0]	[0]	[1, 2, 3, 4]	[5]
Akt_id40+Caspase3_id317	-9	-6	[0]	[0]	[0]	[1, 2, 3, 4]	[5]
Akt_id40+Caspase9_id343	-9	-6	[0]	[0]	[0]	[1, 2, 3, 4]	[5]
BAXBAK_id318+COX2_id564	-9	-6	[0]	[0]	[0]	[1, 2, 3, 4]	[5]
BAXBAK_id318+EP4_id610	-9	-6	[0]	[0]	[0]	[1, 2, 3, 4]	[5]
BAXBAK_id318+Ets_2_id38	-9	-6	[0]	[0]	[0]	[1, 2, 3, 4]	[5]
BAXBAK_id318+PEA3_id563	-9	-6	[0]	[0]	[0]	[1, 2, 3, 4]	[5]
BAXBAK_id318+PI3K_id33	-9	-6	[0]	[0]	[0]	[1, 2, 3, 4]	[5]
COX2_id564+Caspase3_id317	-9	-6	[0]	[0]	[0]	[1, 2, 3, 4]	[5]
COX2_id564+Caspase9_id343	-9	-6	[0]	[0]	[0]	[1, 2, 3, 4]	[5]
Caspase3_id317+EP4_id610	-9	-6	[0]	[0]	[0]	[1, 2, 3, 4]	[5]
Caspase3_id317+Ets_2_id38	-9	-6	[0]	[0]	[0]	[1, 2, 3, 4]	[5]
Caspase3_id317+PEA3_id563	-9	-6	[0]	[0]	[0]	[1, 2, 3, 4]	[5]
Caspase3_id317+PI3K_id33	-9	-6	[0]	[0]	[0]	[1, 2, 3, 4]	[5]
Caspase9_id343+EP4_id610	-9	-6	[0]	[0]	[0]	[1, 2, 3, 4]	[5]
Caspase9_id343+Ets_2_id38	-9	-6	[0]	[0]	[0]	[1, 2, 3, 4]	[5]
Caspase9_id343+PEA3_id563	-9	-6	[0]	[0]	[0]	[1, 2, 3, 4]	[5]
Caspase9_id343+PI3K_id33	-9	-6	[0]	[0]	[0]	[1, 2, 3, 4]	[5]
p53_id175+pRb_id198	-11	-4	[0]	[0, 1, 2, 3, 4]	[1, 2, 3, 4]	[6]	[6]
Noxa_id325+PTEN_id531	-8	-8	[0]	[0]	[2]	[4]	[6]
PTEN_id531+mdm2_id176	-8	-8	[1]	[1]	[1]	[4]	[6]
PTEN_id531+pRb_id198	-8	-8	[1]	[2]	[2]	[6]	[6]
A1_id357+BAXBAK_id318	-9	-9	[0]	[0]	[0]	[4]	[5]
A1_id357+Caspase3_id317	-9	-9	[0]	[0]	[0]	[4]	[5]
A1_id357+Caspase9_id343	-9	-9	[0]	[0]	[0]	[4]	[5]
ARF_id177+BAXBAK_id318	-9	-9	[0]	[0]	[0]	[4]	[5]
ARF_id177+Caspase3_id317	-9	-9	[0]	[0]	[0]	[4]	[5]
ARF_id177+Caspase9_id343	-9	-9	[0]	[0]	[0]	[4]	[5]
BAD_id324+BAXBAK_id318	-9	-9	[0]	[0]	[0]	[4]	[5]
BAD_id324+Caspase3_id317	-9	-9	[0]	[0]	[0]	[4]	[5]
BAD_id324+Caspase9_id343	-9	-9	[0]	[0]	[0]	[4]	[5]
BAXBAK_id318+BIM_id323	-9	-9	[0]	[0]	[0]	[4]	[5]
BAXBAK_id318+Bcl_2_id319	-9	-9	[0]	[0]	[0]	[4]	[5]
BAXBAK_id318+Bcl_W_id356	-9	-9	[0]	[0]	[0]	[4]	[5]
BAXBAK_id318+Bcl_xl_id320	-9	-9	[0]	[0]	[0]	[4]	[5]
BAXBAK_id318+Caspase3_id317	-9	-9	[0]	[0]	[0]	[4]	[5]
BAXBAK_id318+Caspase9_id343	-9	-9	[0]	[0]	[0]	[4]	[5]
BAXBAK_id318+EZH2_id535	-9	-9	[0]	[0]	[0]	[4]	[5]
BAXBAK_id318+GSK3_id45	-9	-9	[0]	[0]	[0]	[4]	[5]
BAXBAK_id318+HIF1_id558	-9	-9	[0]	[0]	[0]	[4]	[5]
BAXBAK_id318+Mcl1_id321	-9	-9	[0]	[0]	[0]	[4]	[5]
BAXBAK_id318+Noxa_id325	-9	-9	[0]	[0]	[0]	[4]	[5]
BAXBAK_id318+PHD2_id557	-9	-9	[0]	[0]	[0]	[4]	[5]
BAXBAK_id318+Rsk_id53	-9	-9	[0]	[0]	[0]	[4]	[5]
BAXBAK_id318+TGFBeta_id9	-9	-9	[0]	[0]	[0]	[4]	[5]
BAXBAK_id318+TGFR_id8	-9	-9	[0]	[0]	[0]	[4]	[5]
BAXBAK_id318+TRAP1_id20	-9	-9	[0]	[0]	[0]	[4]	[5]
BAXBAK_id318+VEGF_id671	-9	-9	[0]	[0]	[0]	[4]	[5]
BAXBAK_id318+VHL_id556	-9	-9	[0]	[0]	[0]	[4]	[5]
BAXBAK_id318+p15_id22	-9	-9	[0]	[0]	[0]	[4]	[5]
BAXBAK_id318+p16_id61	-9	-9	[0]	[0]	[0]	[4]	[5]
BAXBAK_id318+p21_id19	-9	-9	[0]	[0]	[0]	[4]	[5]
BAXBAK_id318+p27_id62	-9	-9	[0]	[0]	[0]	[4]	[5]
BAXBAK_id318+p38_id617	-9	-9	[0]	[0]	[0]	[4]	[5]
BAXBAK_id318+p53_id175	-9	-9	[0]	[0]	[0]	[4]	[5]
BIM_id323+Caspase3_id317	-9	-9	[0]	[0]	[0]	[4]	[5]
BIM_id323+Caspase9_id343	-9	-9	[0]	[0]	[0]	[4]	[5]
Bcl_2_id319+Caspase3_id317	-9	-9	[0]	[0]	[0]	[4]	[5]
Bcl_2_id319+Caspase9_id343	-9	-9	[0]	[0]	[0]	[4]	[5]
Bcl_W_id356+Caspase3_id317	-9	-9	[0]	[0]	[0]	[4]	[5]
Bcl_W_id356+Caspase9_id343	-9	-9	[0]	[0]	[0]	[4]	[5]
Bcl_xl_id320+Caspase3_id317	-9	-9	[0]	[0]	[0]	[4]	[5]
Bcl_xl_id320+Caspase9_id343	-9	-9	[0]	[0]	[0]	[4]	[5]
Caspase3_id317+Caspase9_id343	-9	-9	[0]	[0]	[0]	[4]	[5]
Caspase3_id317+EZH2_id535	-9	-9	[0]	[0]	[0]	[4]	[5]
Caspase3_id317+GSK3_id45	-9	-9	[0]	[0]	[0]	[4]	[5]
Caspase3_id317+HIF1_id558	-9	-9	[0]	[0]	[0]	[4]	[5]
Caspase3_id317+Mcl1_id321	-9	-9	[0]	[0]	[0]	[4]	[5]
Caspase3_id317+Noxa_id325	-9	-9	[0]	[0]	[0]	[4]	[5]
Caspase3_id317+PHD2_id557	-9	-9	[0]	[0]	[0]	[4]	[5]
Caspase3_id317+Rsk_id53	-9	-9	[0]	[0]	[0]	[4]	[5]
Caspase3_id317+TGFBeta_id9	-9	-9	[0]	[0]	[0]	[4]	[5]
Caspase3_id317+TGFR_id8	-9	-9	[0]	[0]	[0]	[4]	[5]
Caspase3_id317+TRAP1_id20	-9	-9	[0]	[0]	[0]	[4]	[5]
Caspase3_id317+VEGF_id671	-9	-9	[0]	[0]	[0]	[4]	[5]
Caspase3_id317+VHL_id556	-9	-9	[0]	[0]	[0]	[4]	[5]
Caspase3_id317+p15_id22	-9	-9	[0]	[0]	[0]	[4]	[5]
Caspase3_id317+p16_id61	-9	-9	[0]	[0]	[0]	[4]	[5]
Caspase3_id317+p21_id19	-9	-9	[0]	[0]	[0]	[4]	[5]
Caspase3_id317+p27_id62	-9	-9	[0]	[0]	[0]	[4]	[5]
Caspase3_id317+p38_id617	-9	-9	[0]	[0]	[0]	[4]	[5]
Caspase3_id317+p53_id175	-9	-9	[0]	[0]	[0]	[4]	[5]
Caspase9_id343+EZH2_id535	-9	-9	[0]	[0]	[0]	[4]	[5]
Caspase9_id343+GSK3_id45	-9	-9	[0]	[0]	[0]	[4]	[5]
Caspase9_id343+HIF1_id558	-9	-9	[0]	[0]	[0]	[4]	[5]
Caspase9_id343+Mcl1_id321	-9	-9	[0]	[0]	[0]	[4]	[5]
Caspase9_id343+Noxa_id325	-9	-9	[0]	[0]	[0]	[4]	[5]
Caspase9_id343+PHD2_id557	-9	-9	[0]	[0]	[0]	[4]	[5]
Caspase9_id343+Rsk_id53	-9	-9	[0]	[0]	[0]	[4]	[5]
Caspase9_id343+TGFBeta_id9	-9	-9	[0]	[0]	[0]	[4]	[5]
Caspase9_id343+TGFR_id8	-9	-9	[0]	[0]	[0]	[4]	[5]
Caspase9_id343+TRAP1_id20	-9	-9	[0]	[0]	[0]	[4]	[5]
Caspase9_id343+VEGF_id671	-9	-9	[0]	[0]	[0]	[4]	[5]
Caspase9_id343+VHL_id556	-9	-9	[0]	[0]	[0]	[4]	[5]
Caspase9_id343+p15_id22	-9	-9	[0]	[0]	[0]	[4]	[5]
Caspase9_id343+p16_id61	-9	-9	[0]	[0]	[0]	[4]	[5]
Caspase9_id343+p21_id19	-9	-9	[0]	[0]	[0]	[4]	[5]
Caspase9_id343+p27_id62	-9	-9	[0]	[0]	[0]	[4]	[5]
Caspase9_id343+p38_id617	-9	-9	[0]	[0]	[0]	[4]	[5]
Caspase9_id343+p53_id175	-9	-9	[0]	[0]	[0]	[4]	[5]
HIF1_id558+PTEN_id531	-9	-9	[0]	[0]	[1]	[4]	[6]
BAXBAK_id318+PTEN_id531	-10	-10	[0]	[0]	[0]	[4]	[6]
Caspase3_id317+PTEN_id531	-10	-10	[0]	[0]	[0]	[4]	[6]
Caspase9_id343+PTEN_id531	-10	-10	[0]	[0]	[0]	[4]	[6]
BAXBAK_id318+pRb_id198	-12	-12	[0]	[0]	[0]	[6]	[6]
Caspase3_id317+pRb_id198	-12	-12	[0]	[0]	[0]	[6]	[6]
Caspase9_id343+pRb_id198	-12	-12	[0]	[0]	[0]	[6]	[6]
